小蝌蚪找妈妈;http://g.beva.com/kan-erge/c10162--xiao-ke-dou-zhao-ma-ma.html;http://fs.beva.cn/topic/t59/i1336/108x81kedou.jpg;http://g3.letv.cn/vod/v2/NDIvMjIvNTcvYmNsb3VkLzg3OTUwNzQtYXZjLTI2MDI4My1hYWMtMzIwMDAtMTA2OTAwLTM5NjI5MDUtZjA4ZDJjZmUwNDhmYjE0MTA3YWJiNTI5NzkxN2E2MGItMTM4NTU2NDMzNzIwOS5tcDQ=?b=296&mmsid=3503480&tm=1437633961&key=6f1059b5f6c81bd79be821498cf7c9d3&platid=2&splatid=206&playid=0&tss=no&vtype=21&cvid=1805656461208&payff=0&pip=7c746bee0c04209d2b1078b601d282fe&tag=mobile&sign=bcloud_100132&termid=2&pay=0&ostype=android&hwtype=un;9363379;1-2岁;http://7nj0n6.com1.z0.glb.clouddn.com/er_ge/小蝌蚪找妈妈.mp4
小兔子开铺子;http://g.beva.com/kan-erge/c10162--xiao-tu-zi-kai-pu-zi.html;http://fs.beva.cn/topic/t59/i1460/xiaotuzikaipuzi108x81.jpg;http://g3.letv.cn/vod/v2/NDYvMTQvMS9iY2xvdWQvMTAzMjI0MTMtYXZjLTI1OTYwNC1hYWMtMzIwMDAtODY2NjctMzIwNjAwOC1lZGEyMTdlODMyOGZiYjVlOGU0MTA0ZWM2ZWYzNmFkNy0xMzg5NzY5NDI3OTI1Lm1wNA==?b=295&mmsid=3698640&tm=1437633974&key=59dfe6c19a6ae907cb59efafd966601a&platid=2&splatid=206&playid=0&tss=no&vtype=21&cvid=1805656461208&payff=0&pip=7c746bee0c04209d2b1078b601d282fe&tag=mobile&sign=bcloud_100132&termid=2&pay=0&ostype=android&hwtype=un;6275645;1-2岁;http://7nj0n6.com1.z0.glb.clouddn.com/er_ge/小兔子开铺子.mp4
小孩小孩你别馋;http://g.beva.com/kan-erge/c10162--xiao-hai-xiao-hai-ni-bie-chan.html;http://fs.beva.cn/topic/t59/i1724/108x81.png;http://g3.letv.cn/vod/v2/NTMvMzgvODgvYmNsb3VkLzE2L3Zlcl8wMF8xNC0xNzM4OTA4MS1hdmMtMjI5NjIxLWFhYy0zMjAwMC0xMzM2NDAtNDUyMzczNi1kMjYxNDQzNTk0MzA4ODhiOTAwZjU4M2NmYTMwYzdjMC0xMzk4NzM3NDg1NTQ5Lm1wNA==?b=270&mmsid=20488286&tm=1437634030&key=a580422d43df8164c22bbc15f299a7e1&platid=2&splatid=206&playid=0&tss=no&vtype=21&cvid=1805656461208&payff=0&pip=7c746bee0c04209d2b1078b601d282fe&tag=mobile&sign=bcloud_100132&termid=2&pay=0&ostype=android&hwtype=un;2481569;1-2岁;http://7nj0n6.com1.z0.glb.clouddn.com/er_ge/小孩小孩你别馋.mp4
五只猴子吃香蕉;http://g.beva.com/kan-erge/c10162--wu-zhi-hou-zi-chi-xiang-jiao.html;http://fs.beva.cn/topic/t59/i1776/108x81.jpg;http://g3.letv.cn/vod/v2/NjEvNDkvNDUvYmNsb3VkLzEwMDEzMi92ZXJfMDBfMTQtMjE2MTE5NjYtYXZjLTIyOTgyNy1hYWMtMTI4MDI1LTEzMjMzMy02MTM2MDk0LTY2YTk3YjE0NzUyN2RkM2JhNjZiMDA2ZTA3MjExOWU3LTE0MDE5MzI2MDE4MDkubXA0?b=370&mmsid=20966583&tm=1437634043&key=a16215f8f833a07f4d736865ae9dc74d&platid=2&splatid=206&playid=0&tss=no&vtype=21&cvid=1805656461208&payff=0&pip=7c746bee0c04209d2b1078b601d282fe&tag=mobile&sign=bcloud_100132&termid=2&pay=0&ostype=android&hwtype=un;1022808;1-2岁;http://7nj0n6.com1.z0.glb.clouddn.com/er_ge/五只猴子吃香蕉.mp4
宝宝的脸;http://g.beva.com/kan-erge/c10162--bao-bao-de-lian-2.html;http://fs.beva.cn/topic/t59/i1779/108X81.jpg;http://g3.letv.cn/vod/v2/NjcvNDEvOTMvYmNsb3VkLzEwMDEzMi92ZXJfMDBfMTQtMjMzMTM5NDItYXZjLTIyOTgxMy1hYWMtMzIwMjctMTI2ODQwLTQyOTczMzMtMmI0ZTZmYzNlODU5ZTE3OWNlZjM1ZmI3ODM0YWIzYjMtMTQwMzQ4OTk1NzYxNi5tcDQ=?b=271&mmsid=21208060&tm=1437634055&key=02dea25596500c18727e1d328cd1e97b&platid=2&splatid=206&playid=0&tss=no&vtype=21&cvid=1805656461208&payff=0&pip=7c746bee0c04209d2b1078b601d282fe&tag=mobile&sign=bcloud_100132&termid=2&pay=0&ostype=android&hwtype=un;2768468;1-2岁;http://7nj0n6.com1.z0.glb.clouddn.com/er_ge/宝宝的脸.mp4
英文字母歌O;http://g.beva.com/kan-erge/c10162--ying-wen-zi-mu-ge-o.html;http://fs.beva.cn/topic/t59/i1538/yingwenzimuge108x81.jpg;http://g3.letv.cn/vod/v2/NDIvMTcvNzIvYmNsb3VkLzEwMzMxNTc5LWF2Yy0yNTk5NDEtYWFjLTMyMDAwLTgyOTMzLTMwNzA2NzMtNmJiOTQ4ZmFkYzhiN2YyNDIwZGQ5Mjc3MTQ1YjhkYjYtMTM4OTc4NDA2NTc4Ny5tcDQ=?b=295&mmsid=3699896&tm=1437634067&key=03900dbc041dc80740d907320fb8daee&platid=2&splatid=206&playid=0&tss=no&vtype=21&cvid=1805656461208&payff=0&pip=7c746bee0c04209d2b1078b601d282fe&tag=mobile&sign=bcloud_100132&termid=2&pay=0&ostype=android&hwtype=un;3137350;1-2岁;http://7nj0n6.com1.z0.glb.clouddn.com/er_ge/英文字母歌O.mp4
英文字母歌P;http://g.beva.com/kan-erge/c10162--ying-wen-zi-mu-ge-p.html;http://fs.beva.cn/topic/t59/i1539/yingwenp-108x81.jpg;http://g3.letv.cn/vod/v2/NDcvOC8xMC9iY2xvdWQvMTAzMjIwNTMtYXZjLTI1OTUwMi1hYWMtMzIwMDAtMTExMzY3LTQxMTU1ODUtNGUyYTAyOWZjZWRhNWZmMDY2NDI3NDA3NzdlYWUxZDUtMTM4OTc2ODc3MjgwNy5tcDQ=?b=295&mmsid=3698577&tm=1437634080&key=f930731b6f58576f7e2c2c3c931e9df4&platid=2&splatid=206&playid=0&tss=no&vtype=21&cvid=1805656461208&payff=0&pip=7c746bee0c04209d2b1078b601d282fe&tag=mobile&sign=bcloud_100132&termid=2&pay=0&ostype=android&hwtype=un;2556429;1-2岁;http://7nj0n6.com1.z0.glb.clouddn.com/er_ge/英文字母歌P.mp4
小毛驴;http://g.beva.com/kan-erge/c10142--xiao-mao-lv.html;http://fs.beva.cn/topic/t59/i312/xiao-mao-lv-108-81-2.png;http://g3.letv.cn/vod/v2/NDEvMjAvODMvYmNsb3VkLzg5MjgwMDEtYXZjLTI2MDI4OS1hYWMtMzIwMDAtMTE5MzY3LTQ0MjMzMTktNjM1MDgyZDQwMmU2ZTE1OThiNzlkMjlmODU0NTAyYjctMTM4NjE0ODAxODU3MC5tcDQ=?b=296&mmsid=3527805&tm=1437637310&key=bf4649196b29b69b74f6100b7373aab8&platid=2&splatid=206&playid=0&tss=no&vtype=21&cvid=1805656461208&payff=0&pip=7c746bee0c04209d2b1078b601d282fe&tag=mobile&sign=bcloud_100132&termid=2&pay=0&ostype=android&hwtype=un;97975418;2-3岁;http://7nj0n6.com1.z0.glb.clouddn.com/er_ge/小毛驴.mp4
小苹果;http://g.beva.com/kan-erge/c10142--xiao-ping-guo.html;http://fs.beva.cn/topic/t59/i1802/108x81.jpg;http://g3.letv.cn/vod/v2/ODQvNC81MC9iY2xvdWQvMTAwMTMyL3Zlcl8wMF8xNi0zMDQzMzY4Ni1hdmMtMjI5NTY4LWFhYy0zMjAyNC0yMTExNjctNzE3MjY2MC03ZjBkNzgxNjU5MDI0OGNmMTUyYTFjMjc1MjU4NGE4ZS0xNDEzNTQwNDQzMzI4Lm1wNA==?b=271&mmsid=24104174&tm=1437637322&key=92be36bd629a7fd431526eee995960d4&platid=2&splatid=206&playid=0&tss=no&vtype=21&cvid=1805656461208&payff=0&pip=7c746bee0c04209d2b1078b601d282fe&tag=mobile&sign=bcloud_100132&termid=2&pay=0&ostype=android&hwtype=un;26710144;2-3岁;http://7nj0n6.com1.z0.glb.clouddn.com/er_ge/小苹果.mp4
大象拔河;http://g.beva.com/kan-erge/c10142--da-xiang-ba-he.html;http://fs.beva.cn/topic/t59/i1851/daxiangbahe108x81.jpg;http://g3.letv.cn/vod/v2/MTE3LzI5LzEyL2JjbG91ZC8xMDAxMzIvdmVyXzAwXzIwLTMwMDM1NjAyOS1hdmMtMjI4ODk1LWFhYy0zMjA0Mi0xMzA0MzMtNDQxOTk2Mi05MTRlZTNkODM2N2M3MGZkZTkwM2VlZDFmM2E0YjBhYy0xNDE4ODczOTI4Mzc1Lm1wNA==?b=271&mmsid=25470217&tm=1437637335&key=049060e38eaac39238feb1bcad32727a&platid=2&splatid=206&playid=0&tss=no&vtype=21&cvid=1805656461208&payff=0&pip=7c746bee0c04209d2b1078b601d282fe&tag=mobile&sign=bcloud_100132&termid=2&pay=0&ostype=android&hwtype=un;19949788;2-3岁;http://7nj0n6.com1.z0.glb.clouddn.com/er_ge/大象拔河.mp4
晚霞中的红蜻蜓;http://g.beva.com/kan-erge/c10142--wan-xia-zhong-de-hong-qing-ting.html;http://fs.beva.cn/topic/t59/i1889/wanxiazhongdehongqingting108x81.jpg;http://g3.letv.cn/vod/v2/MTA5LzQ3LzY3L2JjbG91ZC8xMDAxMzIvdmVyXzAwXzIyLTMwMzIxODU2OC1hdmMtMjI5OTc0LWFhYy0zMjAzNC0xMzE4MzMtNDQ4NTEyOS05MDk5MTRmZDgzNWY1MGE5Mjk2ZjlhODgzM2JmZmM4OS0xNDIxODk0MDcyMzgxLm1wNA==?b=272&mmsid=26298443&tm=1437637348&key=77edc6b3978a57e54608ee60533018a1&platid=2&splatid=206&playid=0&tss=no&vtype=21&cvid=1805656461208&payff=0&pip=7c746bee0c04209d2b1078b601d282fe&tag=mobile&sign=bcloud_100132&termid=2&pay=0&ostype=android&hwtype=un;14318679;2-3岁;http://7nj0n6.com1.z0.glb.clouddn.com/er_ge/晚霞中的红蜻蜓.mp4
挫冰进行曲;http://g.beva.com/kan-erge/c10142--cuo-bing-jin-xing-qu.html;http://fs.beva.cn/topic/t59/i1870/cuobingjinxingqu108x81.png;http://g3.letv.cn/vod/v2/MTE4LzYvNzAvYmNsb3VkLzEwMDEzMi92ZXJfMDBfMjItMzA0NzA5MzM5LWF2Yy0yMjcxNzEtYWFjLTMyMDU0LTg3NjMzLTI5NTE0NDEtMDk4ZmY1MzU2YTgxMDI1MGRmYjc2NzFjZTM3ZGFlMDUtMTQyMzAzMjI1NzkzMi5tcDQ=?b=269&mmsid=26666452&tm=1437637362&key=56df97c9e3bdfc33a9ff9de9d824d4aa&platid=2&splatid=206&playid=0&tss=no&vtype=21&cvid=1805656461208&payff=0&pip=7c746bee0c04209d2b1078b601d282fe&tag=mobile&sign=bcloud_100132&termid=2&pay=0&ostype=android&hwtype=un;15064764;2-3岁;http://7nj0n6.com1.z0.glb.clouddn.com/er_ge/挫冰进行曲.mp4
小兔子乖乖;http://g.beva.com/kan-erge/c10142--xiao-tu-zi-guai-guai.html;http://fs.beva.cn/topic/t59/i371/xiao-tu-zi-guai-guai-108.jpg;http://g3.letv.cn/vod/v2/NzMvMjIvNzYvYmNsb3VkLzEwMDEzMi92ZXJfMDBfMTYtMjAxOTk5OTQ3LWF2Yy0yMjkzOTAtYWFjLTMyMDQzLTEyNTEwMC00MjQ4MjA5LWI0Mzc0Y2Q4MDVmODExYTVmM2E4YTUyZGY1YTQzYmYwLTE0MDY3MDcyMjc3MzEubXA0?b=271&mmsid=21981932&tm=1437637375&key=07292fb24ac0052fdd0836b6b6068c3e&platid=2&splatid=206&playid=0&tss=no&vtype=21&cvid=1805656461208&payff=0&pip=7c746bee0c04209d2b1078b601d282fe&tag=mobile&sign=bcloud_100132&termid=2&pay=0&ostype=android&hwtype=un;94770683;2-3岁;http://7nj0n6.com1.z0.glb.clouddn.com/er_ge/小兔子乖乖.mp4
一只小鹿;http://g.beva.com/kan-erge/c10142--yi-zhi-xiao-lu.html;http://fs.beva.cn/topic/t59/i1435/yizhixiaolu108x81.jpg;http://g3.letv.cn/vod/v2/MzQvMjUvMjYvYmNsb3VkLzUxODIyMzUtQVZDLTI1OTIyNS1BQUMtMzIwMDAtMTM4MTMzLTUwOTg1NzctMDU3MThlNGM5NDk3MzQ2ZjhlNGQ4ODdjNTg2YWEwNWMtMTM3MjY3NTc0NzcyNi5tcDQ=?b=294&mmsid=2805536&tm=1437637389&key=4bae99d445ebd1d6f534f1aae7f9b043&platid=2&splatid=206&playid=0&tss=no&vtype=21&cvid=1805656461208&payff=0&pip=7c746bee0c04209d2b1078b601d282fe&tag=mobile&sign=bcloud_100132&termid=2&pay=0&ostype=android&hwtype=un;17151884;2-3岁;http://7nj0n6.com1.z0.glb.clouddn.com/er_ge/一只小鹿.mp4
数鸭歌;http://g.beva.com/kan-erge/c10142--shu-ya-ge.html;http://fs.beva.cn/topic/t59/i283/shuyage108.png;http://g3.letv.cn/vod/v2/NTAvMTQvMzIvYmNsb3VkLzg3ODI5NjMtYXZjLTI2MDc5My1hYWMtMzIwMDAtMTE1OTY3LTQzMDUwNTctZDM2OTk4ODg5NjI5OGIwNWRlOWNiYWNhMmQzY2ExZWQtMTM4NTUzNDkzOTc1MC5tcDQ=?b=296&mmsid=3501826&tm=1437637401&key=b305ee6562ac6cca4ab799933fdf7d30&platid=2&splatid=206&playid=0&tss=no&vtype=21&cvid=1805656461208&payff=0&pip=7c746bee0c04209d2b1078b601d282fe&tag=mobile&sign=bcloud_100132&termid=2&pay=0&ostype=android&hwtype=un;106857399;2-3岁;http://7nj0n6.com1.z0.glb.clouddn.com/er_ge/数鸭歌.mp4
系鞋带;http://g.beva.com/kan-erge/c10142--ji-xie-dai.html;http://fs.beva.cn/topic/t59/i1939/jixiedai108x81.jpg;http://g3.letv.cn/vod/v2/MTM3LzEvMTUvYmNsb3VkLzEwMDEzMi92ZXJfMDBfMjItMzE0NDI0NjE0LWF2Yy0yMjgyNDItYWFjLTMyMDUxLTEyMjAzMy00MTI2Mjg1LWRhNjgzZDY3OWIzYmU0MTNkZjYzYjgxNmVlMWNkMjVjLTE0Mjc5NDM3NzU0NDYubXA0?b=270&mmsid=28932792&tm=1437637415&key=12e2f00c276acbab1c4300214f0daa88&platid=2&splatid=206&playid=0&tss=no&vtype=21&cvid=1805656461208&payff=0&pip=7c746bee0c04209d2b1078b601d282fe&tag=mobile&sign=bcloud_100132&termid=2&pay=0&ostype=android&hwtype=un;5165788;2-3岁;http://7nj0n6.com1.z0.glb.clouddn.com/er_ge/系鞋带.mp4
文明形象礼仪新童谣;http://g.beva.com/kan-erge/c10142--wen-ming-xing-xiang-li-yi-xin-tong-yao.html;http://fs.beva.cn/topic/t59/i1980/wenmingxingxiangliyixintongyao108x81.jpg;http://g3.letv.cn/vod/v2/MTM2LzcvNjEvYmNsb3VkLzEwMDEzMi92ZXJfMDBfMjItMzE3OTA4NTIzLWF2Yy0yMjg2NDgtYWFjLTMyMDcwLTgwODY3LTI3MzkyMDYtMTAxYmE4NDBiNmE1ZjhhOWI5ZDViNTg2ZDg5ZGEzYTgtMTQzMDIwNDMyNzE2MC5tcDQ=?b=270&mmsid=30097163&tm=1437637428&key=32b730dfd639f900e501a1a196e28443&platid=2&splatid=206&playid=0&tss=no&vtype=21&cvid=1805656461208&payff=0&pip=7c746bee0c04209d2b1078b601d282fe&tag=mobile&sign=bcloud_100132&termid=2&pay=0&ostype=android&hwtype=un;3489639;2-3岁;http://7nj0n6.com1.z0.glb.clouddn.com/er_ge/文明形象礼仪新童谣.mp4
小小羊儿要回家;http://g.beva.com/kan-erge/c10142--xiao-xiao-yang-er-yao-hui-jia.html;http://fs.beva.cn/topic/t59/i1905/xiaoxiaoyangeryaohuijia108x81.jpg;http://g3.letv.cn/vod/v2/MTEyLzQwLzEwOC9iY2xvdWQvMTAwMTMyL3Zlcl8wMF8yMi0zMTAwNTY1MzctYXZjLTIyNzU3OC1hYWMtMzIwNDMtMTEwMjAwLTM3MTYyMzgtODMxOTIwMWZmMmNlMzFlZDRlMzQyNmVkZmZlMTYzZDMtMTQyNTA4NzA2ODkwNS5tcDQ=?b=269&mmsid=27397889&tm=1437637442&key=0511985a6ff7d154bb6bc4d6282724b2&platid=2&splatid=206&playid=0&tss=no&vtype=21&cvid=1805656461208&payff=0&pip=7c746bee0c04209d2b1078b601d282fe&tag=mobile&sign=bcloud_100132&termid=2&pay=0&ostype=android&hwtype=un;5323493;2-3岁;http://7nj0n6.com1.z0.glb.clouddn.com/er_ge/小小羊儿要回家.mp4
幸福岛;http://g.beva.com/kan-erge/c10142--xing-fu-dao.html;http://fs.beva.cn/topic/t59/i1907/xingfudao108x81.jpg;http://g3.letv.cn/vod/v2/MTA0LzM4LzU0L2JjbG91ZC8xMDAxMzIvdmVyXzAwXzIyLTMxMjc3MTQ3Ny1hdmMtMjI3NTk1LWFhYy0zMjA0OC05ODk2Ny0zMzM4MjEzLTg4MGYwY2Y5NGUyZWI1OTUxY2VhYWIxMDc1YzI4Yzc3LTE0MjY3NjI2MzY2MDgubXA0?b=269&mmsid=28274524&tm=1437637455&key=dc5f3105e7fd9108455a7045489a0cc3&platid=2&splatid=206&playid=0&tss=no&vtype=21&cvid=1805656461208&payff=0&pip=7c746bee0c04209d2b1078b601d282fe&tag=mobile&sign=bcloud_100132&termid=2&pay=0&ostype=android&hwtype=un;4404364;2-3岁;http://7nj0n6.com1.z0.glb.clouddn.com/er_ge/幸福岛.mp4
江南style;http://g.beva.com/kan-erge/c10142--jiang-nan-style.html;http://fs.beva.cn/topic/t59/i1118/jiangnna11-7.jpg;http://g3.letv.cn/vod/v2/NTAvMjMvNDIvYmNsb3VkLzEwMzM0NDYxLWF2Yy0yNjEyMjQtYWFjLTMyMDAwLTE1NDczMy01NzU0MTQ0LTViNDYwZGUyODJjOWE1OTFjNTZmMzlmOTlkMmRmNDFjLTEzODk3OTA3OTg3NTIubXA0?b=297&mmsid=3700286&tm=1437637468&key=5a92704533efa0e4ca95147925ffac56&platid=2&splatid=206&playid=0&tss=no&vtype=21&cvid=1805656461208&payff=0&pip=7c746bee0c04209d2b1078b601d282fe&tag=mobile&sign=bcloud_100132&termid=2&pay=0&ostype=android&hwtype=un;41775705;2-3岁;http://7nj0n6.com1.z0.glb.clouddn.com/er_ge/江南style.mp4
三个和尚;http://g.beva.com/kan-erge/c10142--san-ge-he-shang.html;http://fs.beva.cn/topic/t59/i640/sangeheshang-108-81.jpg;http://g3.letv.cn/vod/v2/NDgvOS82MC9iY2xvdWQvMTAzMjU5MzYtYXZjLTI1OTk3Mi1hYWMtMzIwMDAtNjkyMzMtMjU2NDMyOC0yZjhiZjdiYzQ2MzNjNzUwMjM1YWVlNDVlMDY3ODRjMy0xMzg5Nzc2MjI5OTI1Lm1wNA==?b=295&mmsid=3699212&tm=1437637481&key=3957372571e402b1531e84a76ac08b00&platid=2&splatid=206&playid=0&tss=no&vtype=21&cvid=1805656461208&payff=0&pip=7c746bee0c04209d2b1078b601d282fe&tag=mobile&sign=bcloud_100132&termid=2&pay=0&ostype=android&hwtype=un;22350317;2-3岁;http://7nj0n6.com1.z0.glb.clouddn.com/er_ge/三个和尚.mp4
饭桌之歌;http://g.beva.com/kan-erge/c10142--fan-zhuo-zhi-ge.html;http://fs.beva.cn/topic/t59/i1126/fanzhuo108.jpg;http://g3.letv.cn/vod/v2/NDkvNDYvNzgvYmNsb3VkLzEwMzI4MjYyLWF2Yy0yNTk1OTktYWFjLTMyMDAwLTc2ODY3LTI4NDI1NDMtOWVjZDk5YWJkMTFiN2ViZWM1NGVhYmYxNjQxNTE5MTktMTM4OTc4MTA1Mzg1MS5tcDQ=?b=295&mmsid=3699631&tm=1437637494&key=2e90638458c216a4865b99ca123d31f2&platid=2&splatid=206&playid=0&tss=no&vtype=21&cvid=1805656461208&payff=0&pip=7c746bee0c04209d2b1078b601d282fe&tag=mobile&sign=bcloud_100132&termid=2&pay=0&ostype=android&hwtype=un;33137151;2-3岁;http://7nj0n6.com1.z0.glb.clouddn.com/er_ge/饭桌之歌.mp4
跳绳谣;http://g.beva.com/kan-erge/c10142--tiao-sheng-yao.html;http://fs.beva.cn/topic/t59/i1523/tiaoshengyao108x81.jpg;http://g3.letv.cn/vod/v2/NDgvNDUvNDQvYmNsb3VkLzEwMzMyODIxLWF2Yy0yNTkwNTctYWFjLTMyMDAwLTExNzcwMC00MzQ0OTEyLWI2NzE1OTI5NjdhOTg5YzgwZWIxZDVmMmEwNjE5ODAwLTEzODk3ODc1NjY2MTcubXA0?b=294&mmsid=3700106&tm=1437637507&key=1055dd51b89b0533aaea89847c18af30&platid=2&splatid=206&playid=0&tss=no&vtype=21&cvid=1805656461208&payff=0&pip=7c746bee0c04209d2b1078b601d282fe&tag=mobile&sign=bcloud_100132&termid=2&pay=0&ostype=android&hwtype=un;6478056;2-3岁;http://7nj0n6.com1.z0.glb.clouddn.com/er_ge/跳绳谣.mp4
白龙马;http://g.beva.com/kan-erge/c10142--bai-long-ma.html;http://fs.beva.cn/topic/t59/i1305/bailongma.jpg;http://g3.letv.cn/vod/v2/NDgvMTYvOTEvYmNsb3VkLzg3OTU2MDMtYXZjLTI1ODM5OS1hYWMtMzIwMDAtNzM2MDAtMjcxMTkxMi1hNGM1NjMxOGNlZDUxZWM2YmIzZGRjNzFhNzdlOTE3NC0xMzg1NTY1NDI3NzU4Lm1wNA==?b=294&mmsid=3503584&tm=1437637520&key=55a33a769a78e76d32c76e478ef8b784&platid=2&splatid=206&playid=0&tss=no&vtype=21&cvid=1805656461208&payff=0&pip=7c746bee0c04209d2b1078b601d282fe&tag=mobile&sign=bcloud_100132&termid=2&pay=0&ostype=android&hwtype=un;43384580;2-3岁;http://7nj0n6.com1.z0.glb.clouddn.com/er_ge/白龙马.mp4
蜗牛与黄鹂鸟;http://g.beva.com/kan-erge/c10142--wo-niu-yu-huang-niao.html;http://fs.beva.cn/topic/t59/i322/wo-niu-yu-huang-li-niao-108.png;http://g3.letv.cn/vod/v2/NDgvNDMvMzUvYmNsb3VkLzg3ODM0MzQtYXZjLTI1ODM4NC1hYWMtMzIwMDAtMTA1NzMzLTM4OTI2MzMtYjY5ZGIwMWZkZjEyNmRjMzczNDYxOTVjOGQ3ZDdhZTItMTM4NTUzNTQxNTg2OC5tcDQ=?b=293&mmsid=3501862&tm=1437637533&key=80cb00c3ff8f609e6f326a90ea18e124&platid=2&splatid=206&playid=0&tss=no&vtype=21&cvid=1805656461208&payff=0&pip=7c746bee0c04209d2b1078b601d282fe&tag=mobile&sign=bcloud_100132&termid=2&pay=0&ostype=android&hwtype=un;43832831;2-3岁;http://7nj0n6.com1.z0.glb.clouddn.com/er_ge/蜗牛与黄鹂鸟.mp4
健康操;http://g.beva.com/kan-erge/c10142--jian-kang-cao1.html;http://fs.beva.cn/topic/t59/i839/jiankangcaoerge108-81.jpg;http://g3.letv.cn/vod/v2/NDQvMjEvMTQvYmNsb3VkLzEwMzMyNTI3LWF2Yy0yNTgzNDgtYWFjLTMyMDAwLTg3OTY3LTMyMzgxOTAtZWFjYWUzMTk4NzI3NTBmODhjZDY2MWUyZWRlYmQwMjYtMTM4OTc4NjQyNDY2OS5tcDQ=?b=294&mmsid=3700058&tm=1437637546&key=0a8bed52313566b7487da8d6ce607593&platid=2&splatid=206&playid=0&tss=no&vtype=21&cvid=1805656461208&payff=0&pip=7c746bee0c04209d2b1078b601d282fe&tag=mobile&sign=bcloud_100132&termid=2&pay=0&ostype=android&hwtype=un;5873553;2-3岁;http://7nj0n6.com1.z0.glb.clouddn.com/er_ge/健康操.mp4
滑稽的脚先生;http://g.beva.com/kan-erge/c10142--hua-ji-de-jiao-xian-sheng.html;http://fs.beva.cn/topic/t59/i1683/huajidejiaoxiansheng108-81.jpg;http://g3.letv.cn/vod/v2/NDEvNy85NS9iY2xvdWQvOTgzMDY2NC1hdmMtMjU5MjM1LWFhYy0zMjAwMC0xMDI4NDAtMzc5MTE0NS03MDFhNzUzYjgwYzgxNGI1MTQ0NjI3YWE3YzdkY2RhYS0xMzg4OTcyODY1NDA4Lm1wNA==?b=294&mmsid=3662929&tm=1437637558&key=8e60fb5f70ac9d1f322da61dd1409410&platid=2&splatid=206&playid=0&tss=no&vtype=21&cvid=1805656461208&payff=0&pip=7c746bee0c04209d2b1078b601d282fe&tag=mobile&sign=bcloud_100132&termid=2&pay=0&ostype=android&hwtype=un;3293601;2-3岁;http://7nj0n6.com1.z0.glb.clouddn.com/er_ge/滑稽的脚先生.mp4
年年有个三月三;http://g.beva.com/kan-erge/c10142--nian-nian-you-ge-san-yue-san.html;http://fs.beva.cn/topic/t59/i1286/108sanyuesan.jpg;http://g3.letv.cn/vod/v2/NDgvMTAvNjMvYmNsb3VkLzg3OTQ0MjEtYXZjLTI1ODM5MS1hYWMtMzIwMDAtOTMzMDAtMzQzNTczOC00NzQyZDA0ODZlNTlhYWQ4YmZkMTliNDdiM2M2ZTAzNi0xMzg1NTYyNjI5MjA0Lm1wNA==?b=294&mmsid=3503352&tm=1437637572&key=74a872284d649eb351866622fb9f5893&platid=2&splatid=206&playid=0&tss=no&vtype=21&cvid=1805656461208&payff=0&pip=7c746bee0c04209d2b1078b601d282fe&tag=mobile&sign=bcloud_100132&termid=2&pay=0&ostype=android&hwtype=un;5621841;2-3岁;http://7nj0n6.com1.z0.glb.clouddn.com/er_ge/年年有个三月三.mp4
亲亲小兔子;http://g.beva.com/kan-erge/c10142--qin-qin-xiao-tu-zi.html;http://fs.beva.cn/topic/t59/i1879/qinqinxiaotuzi108x81.jpg;http://g3.letv.cn/vod/v2/MTIzLzI2LzEwMC9iY2xvdWQvMTAwMTMyL3Zlcl8wMF8yMi0zMDI1ODkyNjYtYXZjLTIyNTI1My1hYWMtMzIwNDItMTI1NjAwLTQxOTkwNzEtYTFjZTJjNzJjNDk3Y2ExOWNiYzNkNTJlM2ZlYTIwN2QtMTQyMTI4OTMzNjcyOS5tcDQ=?b=267&mmsid=26136040&tm=1437637589&key=79bfc73afce58c1fd3167230e934d925&platid=2&splatid=206&playid=0&tss=no&vtype=21&cvid=1805656461208&payff=0&pip=7c746bee0c04209d2b1078b601d282fe&tag=mobile&sign=bcloud_100132&termid=2&pay=0&ostype=android&hwtype=un;8276009;2-3岁;http://7nj0n6.com1.z0.glb.clouddn.com/er_ge/亲亲小兔子.mp4
洗澡;http://g.beva.com/kan-erge/c10142--xi-zao.html;http://fs.beva.cn/topic/t59/i1679/xizao108-81.jpg;http://g3.letv.cn/vod/v2/NDgvMzEvNzMvYmNsb3VkLzk3MzI5NjEtYXZjLTI1OTU2Mi1hYWMtMzIwMDAtMjM2NjAwLTg3Mjc1NDctNDhhY2M5NDllZjQ2ZDZhZDBlNjM2MDRiMGM1MmM5NDEtMTM4ODY1NTQ4Nzk1MC5tcDQ=?b=294&mmsid=3643492&tm=1437637601&key=b5dfe48e2ce7e0d693fadd3a925f1e82&platid=2&splatid=206&playid=0&tss=no&vtype=21&cvid=1805656461208&payff=0&pip=7c746bee0c04209d2b1078b601d282fe&tag=mobile&sign=bcloud_100132&termid=2&pay=0&ostype=android&hwtype=un;4188201;2-3岁;http://7nj0n6.com1.z0.glb.clouddn.com/er_ge/洗澡.mp4
一分钱;http://g.beva.com/kan-erge/c10142--yi-fen-qian.html;http://fs.beva.cn/topic/t59/i320/yi-fen-qian-108.png;http://g3.letv.cn/vod/v2/NDUvMTcvNjYvYmNsb3VkLzg3ODM2NjgtYXZjLTI2MTAyMS1hYWMtMzIwMDAtMTE0NjAwLTQyNTc4NzktNTJkZTY3NWQ3YWEwYTUxMzdlMjkzNzI0MTY3MGFjMWEtMTM4NTUzNTYzMTAxMC5tcDQ=?b=296&mmsid=3501913&tm=1437637614&key=4daaccf79af5397bfa76935c8bbd4e92&platid=2&splatid=206&playid=0&tss=no&vtype=21&cvid=1805656461208&payff=0&pip=7c746bee0c04209d2b1078b601d282fe&tag=mobile&sign=bcloud_100132&termid=2&pay=0&ostype=android&hwtype=un;33702022;2-3岁;http://7nj0n6.com1.z0.glb.clouddn.com/er_ge/一分钱.mp4
厚德载物;http://g.beva.com/kan-erge/c10142--hou-de-zai-wu.html;http://fs.beva.cn/topic/t59/i1732/108-81.jpg;http://g3.letv.cn/vod/v2/NjUvMjkvMTA0L2JjbG91ZC8xMDAxMzIvdmVyXzAwXzE0LTE4NDIxMDI0LWF2Yy0yMzAxNjktYWFjLTMyMDEyLTIwNzE2Ny03MDUyNjc1LWEzZmRkMmFlNjljOTE2MTEyZDNhYzljNmNkYTk2NmEzLTEzOTk1MjgxOTI3NjgubXA0?b=272&mmsid=20603940&tm=1437637627&key=f6e5adbd3ed38dbcae20fb9e6b82d055&platid=2&splatid=206&playid=0&tss=no&vtype=21&cvid=1805656461208&payff=0&pip=7c746bee0c04209d2b1078b601d282fe&tag=mobile&sign=bcloud_100132&termid=2&pay=0&ostype=android&hwtype=un;14552102;2-3岁;http://7nj0n6.com1.z0.glb.clouddn.com/er_ge/厚德载物.mp4
最美的图画;http://g.beva.com/kan-erge/c10142--zui-mei-de-tu-hua.html;http://fs.beva.cn/topic/t59/i1227/zuimei108.jpg;http://g3.letv.cn/vod/v2/NDcvMzIvNjIvYmNsb3VkLzg3OTQ1MjAtYXZjLTI2MTA0NC1hYWMtMzIwMDAtOTUzMzMtMzU0MTExNS1kNzMyNjQzYjM5ZTk5ZjM0YzQ4ODhlYmQyYWViYjdmMy0xMzg1NTYyOTc0OTM5Lm1wNA==?b=296&mmsid=3503373&tm=1437637639&key=826331893e4703ffc4f09f5257f857d3&platid=2&splatid=206&playid=0&tss=no&vtype=21&cvid=1805656461208&payff=0&pip=7c746bee0c04209d2b1078b601d282fe&tag=mobile&sign=bcloud_100132&termid=2&pay=0&ostype=android&hwtype=un;11973462;2-3岁;http://7nj0n6.com1.z0.glb.clouddn.com/er_ge/最美的图画.mp4
读书郎;http://g.beva.com/kan-erge/c10142--du-shu-lang.html;http://fs.beva.cn/topic/t59/i699/dushulang108-81.jpg;http://g3.letv.cn/vod/v2/NDMvMTgvMi9iY2xvdWQvMTAzMjIyODctYXZjLTI2MTI3OC1hYWMtMzIwMDAtNTU0MDAtMjA2MDMzMC05NDVmOGI4NjUxYTRlOWFjODE0MDI4ZWU0MTdhZjlmNy0xMzg5NzY5MDQ3OTE3Lm1wNA==?b=297&mmsid=3698619&tm=1437637652&key=82661bfe6c14126ea30c0efc02430f17&platid=2&splatid=206&playid=0&tss=no&vtype=21&cvid=1805656461208&payff=0&pip=7c746bee0c04209d2b1078b601d282fe&tag=mobile&sign=bcloud_100132&termid=2&pay=0&ostype=android&hwtype=un;13684019;2-3岁;http://7nj0n6.com1.z0.glb.clouddn.com/er_ge/读书郎.mp4
捉泥鳅;http://g.beva.com/kan-erge/c10142--zhuo-ni.html;http://fs.beva.cn/topic/t59/i438/zhuoniqiu108-81.jpg;http://g3.letv.cn/vod/v2/NDgvMzQvMTA4L2JjbG91ZC8xMDMyMzgzNS1hdmMtMjYwMTU4LWFhYy0zMjAwMC03MTA2Ny0yNjMzMjEzLTgyZWMxODQxZDZiNmRlMjQ4NmI3YTZkM2Q3NzlmMDc3LTEzODk3NzE0OTI2MzMubXA0?b=295&mmsid=3698876&tm=1437637665&key=2d47ce28f9f24a89c6540308f19d499e&platid=2&splatid=206&playid=0&tss=no&vtype=21&cvid=1805656461208&payff=0&pip=7c746bee0c04209d2b1078b601d282fe&tag=mobile&sign=bcloud_100132&termid=2&pay=0&ostype=android&hwtype=un;14981570;2-3岁;http://7nj0n6.com1.z0.glb.clouddn.com/er_ge/捉泥鳅.mp4
小螺号;http://g.beva.com/kan-erge/c10142--xiao-luo-hao.html;http://fs.beva.cn/topic/t59/i415/xiaoluohao108-81.jpg;http://g3.letv.cn/vod/v2/NTAvMjQvMzIvYmNsb3VkLzg3ODI4OTEtYXZjLTI1Njg2OC1hYWMtMzIwMDAtNjYwMzMtMjQxOTM0MC1lZjE4YjQ3NDY2NjQ5OTA4NDFkMWFlZDEzOThiYWRkMi0xMzg1NTM0NDQzNzIxLm1wNA==?b=292&mmsid=3501810&tm=1437637678&key=65d56ad533d9c22c5b96b60a437e2c0c&platid=2&splatid=206&playid=0&tss=no&vtype=21&cvid=1805656461208&payff=0&pip=7c746bee0c04209d2b1078b601d282fe&tag=mobile&sign=bcloud_100132&termid=2&pay=0&ostype=android&hwtype=un;16902639;2-3岁;http://7nj0n6.com1.z0.glb.clouddn.com/er_ge/小螺号.mp4
采蘑菇的小姑娘;http://g.beva.com/kan-erge/c10142--cai-mo-gu-de-xiao-gu-niang.html;http://fs.beva.cn/topic/t59/i577/caimogu108.jpg;http://g3.letv.cn/vod/v2/NDUvMTkvNjkvYmNsb3VkLzEwMzMxMTcxLWF2Yy0yNjA3MTgtYWFjLTMyMDAwLTcwOTAwLTI2MzE1MzEtMzFmZjc4YzgwM2NjMDU2OTkwYjgyMGQxNzMyY2ZkYzMtMTM4OTc4MzU3Mzg4OS5tcDQ=?b=296&mmsid=3699839&tm=1437637691&key=41316c4a7529f10313b9a37290783318&platid=2&splatid=206&playid=0&tss=no&vtype=21&cvid=1805656461208&payff=0&pip=7c746bee0c04209d2b1078b601d282fe&tag=mobile&sign=bcloud_100132&termid=2&pay=0&ostype=android&hwtype=un;24849670;2-3岁;http://7nj0n6.com1.z0.glb.clouddn.com/er_ge/采蘑菇的小姑娘.mp4
点豆豆;http://g.beva.com/kan-erge/c10142--dian-dou-dou.html;http://fs.beva.cn/topic/t59/i1894/diandoudou108x81.jpg;http://g3.letv.cn/vod/v2/MTA1LzEzLzQ2L2JjbG91ZC8xMDAxMzIvdmVyXzAwXzIyLTMwNDkxMjc2Mi1hdmMtMjI5MDE5LWFhYy0zMjA0My0xMjg0MzMtNDM1NDA3My1lNGU0MDVkOTdkM2IyMDJmOTU5ZGE1ZjEwMDU2NDc4NC0xNDIzMTI5ODU2ODE5Lm1wNA==?b=271&mmsid=26704756&tm=1437637704&key=59822ef63f291a3bc0f4aa9fb3297d02&platid=2&splatid=206&playid=0&tss=no&vtype=21&cvid=1805656461208&payff=0&pip=7c746bee0c04209d2b1078b601d282fe&tag=mobile&sign=bcloud_100132&termid=2&pay=0&ostype=android&hwtype=un;1548034;2-3岁;http://7nj0n6.com1.z0.glb.clouddn.com/er_ge/点豆豆.mp4
Trick or Treat;http://g.beva.com/kan-erge/c10142--trick-or-treat.html;http://fs.beva.cn/topic/t59/i1808/108x81.png;http://g3.letv.cn/vod/v2/OTMvNDgvMTUvYmNsb3VkLzEwMDEzMi92ZXJfMDBfMTYtMzA5NjUxMjUtYXZjLTIyOTc4MC1hYWMtMzIwMjEtMTIxNTYwLTQxMTU1NDMtMzc4NzAyODI0OTA4NzU1MjkzMjdlYmFmMzUzZDk4YTctMTQxNDY2MTQxMzI4OC5tcDQ=?b=270&mmsid=24486099&tm=1437637717&key=7af1c1c205be37a37db6a73f2d30fb00&platid=2&splatid=206&playid=0&tss=no&vtype=21&cvid=1805656461208&payff=0&pip=7c746bee0c04209d2b1078b601d282fe&tag=mobile&sign=bcloud_100132&termid=2&pay=0&ostype=android&hwtype=un;6431413;2-3岁;http://7nj0n6.com1.z0.glb.clouddn.com/er_ge/TrickorTreat.mp4
放学歌;http://g.beva.com/kan-erge/c10142--fang-xue-ge.html;http://fs.beva.cn/topic/t59/i1526/fangxuege108x81.jpg;http://g3.letv.cn/vod/v2/NDMvMjMvNzcvYmNsb3VkLzEwMzMwNzA2LWF2Yy0yNjE1MjEtYWFjLTMyMDAwLTk4OTY3LTM2ODQ4MzgtNzZhOWI0N2Q1NjlmNTI0NDgyNjNlMWExODhiMjQyYzItMTM4OTc4Mjg1MTA5My5tcDQ=?b=297&mmsid=3699785&tm=1437637730&key=7e5a67243819badd2a4c3d0098f906b7&platid=2&splatid=206&playid=0&tss=no&vtype=21&cvid=1805656461208&payff=0&pip=7c746bee0c04209d2b1078b601d282fe&tag=mobile&sign=bcloud_100132&termid=2&pay=0&ostype=android&hwtype=un;3440588;2-3岁;http://7nj0n6.com1.z0.glb.clouddn.com/er_ge/放学歌.mp4
蝴蝶;http://g.beva.com/kan-erge/c10142--hu-die-erge.html;http://fs.beva.cn/topic/t59/i1785/hudie108.jpg;http://g3.letv.cn/vod/v2/NzYvMS8zMy9iY2xvdWQvMTAwMTMyL3Zlcl8wMF8xNi0yNTYzOTg3OC1hdmMtMjI2NTQ4LWFhYy0zMjA0MS05NjU2Ny0zMjQ0NTgxLTQ5Mzc1ZDc3MzhjMTNiNjRhNjFjMTk2OTVlMDgyZDY1LTE0MDYxOTc0MTA0NjEubXA0?b=268&mmsid=21867671&tm=1437637743&key=be850bf020b5f095d0a8b9bbd14a9ff0&platid=2&splatid=206&playid=0&tss=no&vtype=21&cvid=1805656461208&payff=0&pip=7c746bee0c04209d2b1078b601d282fe&tag=mobile&sign=bcloud_100132&termid=2&pay=0&ostype=android&hwtype=un;8397377;2-3岁;http://7nj0n6.com1.z0.glb.clouddn.com/er_ge/蝴蝶.mp4
找朋友;http://g.beva.com/kan-erge/c10142--zhao-peng-you.html;http://fs.beva.cn/topic/t59/i502/zhaopengyou108.jpg;http://g3.letv.cn/vod/v2/NDcvMzYvNC9iY2xvdWQvMTAzMjI3MTktYXZjLTI2MjI3OC1hYWMtMzIwMDAtNzAzMDAtMjYyMzA4Ny02NjYzNTAxYzlmZjU5NWNkZDdmNDRlYjQyYjZmNzhlZi0xMzg5NzcwMjA2MTY5Lm1wNA==?b=297&mmsid=3698695&tm=1437637756&key=0be02dd1a42c3108e2bf6ee13fa41bc1&platid=2&splatid=206&playid=0&tss=no&vtype=21&cvid=1805656461208&payff=0&pip=7c746bee0c04209d2b1078b601d282fe&tag=mobile&sign=bcloud_100132&termid=2&pay=0&ostype=android&hwtype=un;14736789;2-3岁;http://7nj0n6.com1.z0.glb.clouddn.com/er_ge/找朋友.mp4
蚂蚁搬虫虫;http://g.beva.com/kan-erge/c10142--ma-yi-ban-chong-chong.html;http://fs.beva.cn/topic/t59/i57/108-81.jpg;http://g3.letv.cn/vod/v2/NDEvNDcvMTA4L2JjbG91ZC8xMDMyMzc1OS1hdmMtMjU3ODg2LWFhYy0zMjAwMC03MDQ2Ny0yNTkwODc4LTUzODViZDNkNjdhNzZjMjVmOTZiNmY2OTVhZDg1MTM2LTEzODk3NzEzNzQzOTYubXA0?b=293&mmsid=3698863&tm=1437637772&key=25d3e953a684a667cf09c5b48cef05c6&platid=2&splatid=206&playid=0&tss=no&vtype=21&cvid=1805656461208&payff=0&pip=7c746bee0c04209d2b1078b601d282fe&tag=mobile&sign=bcloud_100132&termid=2&pay=0&ostype=android&hwtype=un;18696282;2-3岁;http://7nj0n6.com1.z0.glb.clouddn.com/er_ge/蚂蚁搬虫虫.mp4
我的好妈妈;http://g.beva.com/kan-erge/c10142--wo-de-hao-ma-ma.html;http://fs.beva.cn/topic/t59/i475/wodehaomama108-81.jpg;http://g3.letv.cn/vod/v2/NDYvMzgvMzkvYmNsb3VkLzEwMzM0MDU1LWF2Yy0yNTkxMDEtYWFjLTMyMDAwLTE0MjU2Ny01MjYwODM2LTIzM2VlODY2NmQxZjNiODQ4NGY5NjA2ZTg3NjllMjNlLTEzODk3ODkzMDUxOTYubXA0?b=294&mmsid=3700216&tm=1437637785&key=2422ab9fe8fb818a805fb0f32ced4ccf&platid=2&splatid=206&playid=0&tss=no&vtype=21&cvid=1805656461208&payff=0&pip=7c746bee0c04209d2b1078b601d282fe&tag=mobile&sign=bcloud_100132&termid=2&pay=0&ostype=android&hwtype=un;21423582;2-3岁;http://7nj0n6.com1.z0.glb.clouddn.com/er_ge/我的好妈妈.mp4
娃哈哈;http://g.beva.com/kan-erge/c10142--wa-ha-ha.html;http://fs.beva.cn/topic/t59/i410/wahaha108-81.jpg;http://g3.letv.cn/vod/v2/NDYvMzYvNDAvYmNsb3VkLzg3ODIwMjAtYXZjLTI1ODI5NC1hYWMtMzIwMDAtNzAwMzMtMjU3ODA0Mi00ODExODIzYzY0MmM4ODJjNjFkYzNkNzc3NTUwM2U0Mi0xMzg1NTMzMjA0MzU0Lm1wNA==?b=293&mmsid=3501764&tm=1437637798&key=0eed77cffa139342027d65e2bdcfc48d&platid=2&splatid=206&playid=0&tss=no&vtype=21&cvid=1805656461208&payff=0&pip=7c746bee0c04209d2b1078b601d282fe&tag=mobile&sign=bcloud_100132&termid=2&pay=0&ostype=android&hwtype=un;17567340;2-3岁;http://7nj0n6.com1.z0.glb.clouddn.com/er_ge/娃哈哈.mp4
小白兔白又白;http://g.beva.com/kan-erge/c10136--xiao-bai-tu-bai-you-bai.html;http://fs.beva.cn/topic/t59/i1215/xiaobait.jpg;http://g3.letv.cn/vod/v2/NDMvMi84NC9iY2xvdWQvODc5NTY5OC1hdmMtMjYxMDM3LWFhYy0zMjAwMC02NDEwMC0yMzgxNTEwLTU1ODQyYjM3MjM4NGU2YTJjY2VjODc3MzRjMzIwMWYwLTEzODU1NjU1OTM0MDcubXA0?b=296&mmsid=3503603&tm=1437622933&key=57170c0e8f56bd6ee8416e7ff33a0725&platid=2&splatid=206&playid=0&tss=no&vtype=21&cvid=997228011695&payff=0&pip=09efa5866ea96b64c71c23e95bdeabe8&tag=mobile&sign=bcloud_100132&termid=2&pay=0&ostype=android&hwtype=un;64721194;0-1岁;http://7nj0n6.com1.z0.glb.clouddn.com/er_ge/小白兔白又白.mp4
DON'T TOUCH ME;http://g.beva.com/kan-erge/c10136--don%27t-touch-me.html;http://fs.beva.cn/topic/t59/i1871/guanggao108x81.jpg;http://g3.letv.cn/vod/v2/MTI0LzE4LzEwMy9iY2xvdWQvMTAwMTMyL3Zlcl8wMF8yMi0zMDIwMTUyMTQtYXZjLTIyMDgzMy1hYWMtMzIyNTUtMTUyMDAtNDk5NzU2LTNlNDMwNTE4M2JlNDEzOTk0NmE1NGI0NTI3ZDg0MDFhLTE0MjA3NzEwODQyMDQubXA0?b=262&mmsid=25992267&tm=1437622948&key=56e858feb87a3b6f20fa11f087213099&platid=2&splatid=206&playid=0&tss=no&vtype=21&cvid=997228011695&payff=0&pip=09efa5866ea96b64c71c23e95bdeabe8&tag=mobile&sign=bcloud_100132&termid=2&pay=0&ostype=android&hwtype=un;16986692;0-1岁;http://7nj0n6.com1.z0.glb.clouddn.com/er_ge/DONTTOUCHME.mp4
两只老虎;http://g.beva.com/kan-erge/c10136--liang-zhi-lao-hu.html;http://fs.beva.cn/topic/t59/i297/two-tigers.png;http://g3.letv.cn/vod/v2/NDUvMjUvNzMvYmNsb3VkLzg3NzU1ODktYXZjLTI2MTQwMy1hYWMtMzIwMDAtMTEyMzY3LTQxNzkwMzgtNDYzMjUxNGViNTcyODIxOGI1YWVlYTA3MzM4OTU3YWUtMTM4NTUyMTYzMjM5OC5tcDQ=?b=296&mmsid=3500709&tm=1437622961&key=85f2ba72b6ec4ec550db18848de8144a&platid=2&splatid=206&playid=0&tss=no&vtype=21&cvid=997228011695&payff=0&pip=09efa5866ea96b64c71c23e95bdeabe8&tag=mobile&sign=bcloud_100132&termid=2&pay=0&ostype=android&hwtype=un;53010131;0-1岁;http://7nj0n6.com1.z0.glb.clouddn.com/er_ge/两只老虎.mp4
小兔子乖乖-童谣;http://g.beva.com/kan-erge/c10136--xiao-tu-zi-guai-guai-tong-yao.html;http://fs.beva.cn/topic/t59/i59/tuziguaiguaitongyao108-81.jpg;http://g3.letv.cn/vod/v2/NDUvMi83OC9iY2xvdWQvMTAzMzA1ODMtYXZjLTI1OTQ5NS1hYWMtMzIwMDAtMTk1MzAwLTcyMTQ5NTAtOGU0ZWVmMTAzYmM4MjYxZDAxNWE0MTY5YTY5NTg0OGQtMTM4OTc4MjcxNTU0OC5tcDQ=?b=295&mmsid=3699765&tm=1437622975&key=63635b127a6749c43f72c13ad1a979d1&platid=2&splatid=206&playid=0&tss=no&vtype=21&cvid=997228011695&payff=0&pip=09efa5866ea96b64c71c23e95bdeabe8&tag=mobile&sign=bcloud_100132&termid=2&pay=0&ostype=android&hwtype=un;17468464;0-1岁;http://7nj0n6.com1.z0.glb.clouddn.com/er_ge/小兔子乖乖-童谣.mp4
爱我你就抱抱我;http://g.beva.com/kan-erge/c10136--ai-wo-ni-jiu-bao-bao-wo.html;http://fs.beva.cn/topic/t59/i824/baobaowoerge108-4-4.jpg;http://g3.letv.cn/vod/v2/NDIvNDkvNzgvYmNsb3VkLzEwMzI4MjcyLWF2Yy0yNjE4MTctYWFjLTMyMDAwLTEyNTYwMC00Njc4MDAzLTYwZmE5ODQ3YTUyOTM1MWE3ZTg0MWJkOTg5ODRmZDU0LTEzODk3ODExNzI2ODUubXA0?b=297&mmsid=3699634&tm=1437622986&key=a41f1896d3070052de8143ff501b3bdf&platid=2&splatid=206&playid=0&tss=no&vtype=21&cvid=1805656461208&payff=0&pip=7c746bee0c04209d2b1078b601d282fe&tag=mobile&sign=bcloud_100132&termid=2&pay=0&ostype=android&hwtype=un;33126002;0-1岁;http://7nj0n6.com1.z0.glb.clouddn.com/er_ge/爱我你就抱抱我.mp4
世上只有妈妈好;http://g.beva.com/kan-erge/c10136--shi-shang-zhi-you-ma-ma-hao.html;http://fs.beva.cn/topic/t59/i305/mamahao-108x81-2.png;http://g3.letv.cn/vod/v2/NjgvMzgvMjAvYmNsb3VkLzEwMDEzMi92ZXJfMDBfMTQtMjIwOTA2MzctYXZjLTIyODQwNS1hYWMtMzIwMzctMTI5ODYzLTQzOTIzODEtMjBiZjkyMTY5ODhjZDA2MzUwM2RlY2FjMjM2NzIxNWQtMTQwMjM5MjE1MDIyMi5tcDQ=?b=270&mmsid=21035126&tm=1437622999&key=05f457eae89ab83d42ed05b1054f3acf&platid=2&splatid=206&playid=0&tss=no&vtype=21&cvid=1805656461208&payff=0&pip=7c746bee0c04209d2b1078b601d282fe&tag=mobile&sign=bcloud_100132&termid=2&pay=0&ostype=android&hwtype=un;19625747;0-1岁;http://7nj0n6.com1.z0.glb.clouddn.com/er_ge/世上只有妈妈好.mp4
We will rock you;http://g.beva.com/kan-erge/c10136--we-will-rock-you.html;http://fs.beva.cn/topic/t59/i1432/12990_rock.jpg;http://g3.letv.cn/vod/v2/NDYvMTMvMzQvYmNsb3VkLzEwMzM0ODI3LWF2Yy0yNTcxMDctYWFjLTMyMDAwLTEyOTcwMC00NzU0MDkyLWVhYjUxNTJiOGU1NjA0Mjc0ZjgwYTI2OGUzNDMwZDZiLTEzODk3OTI2ODQ3MzgubXA0?b=293&mmsid=3700334&tm=1437623012&key=6fed13a3816375a7660aaa9903c38630&platid=2&splatid=206&playid=0&tss=no&vtype=21&cvid=1805656461208&payff=0&pip=7c746bee0c04209d2b1078b601d282fe&tag=mobile&sign=bcloud_100132&termid=2&pay=0&ostype=android&hwtype=un;31160179;0-1岁;http://7nj0n6.com1.z0.glb.clouddn.com/er_ge/Wewillrockyou.mp4
家庭礼貌称呼歌;http://g.beva.com/kan-erge/c10136--jia-ting-li-mao-cheng-hu-ge.html;http://fs.beva.cn/topic/t59/i1220/jiatingchenghuge108.jpg;http://g3.letv.cn/vod/v2/NDIvMjQvODMvYmNsb3VkLzg3OTU4MDktYXZjLTI1OTQ0Ny1hYWMtMzIwMDAtODAwMzMtMjk1NzEwMS03OTg2N2Y1ZjIxNTQzZDdkZDdlNTVkOWEwODRhZGRhOC0xMzg1NTY1ODg1MTAwLm1wNA==?b=294&mmsid=3503624&tm=1437623024&key=71596d7838eeb85c99c00aa66b3e447d&platid=2&splatid=206&playid=0&tss=no&vtype=21&cvid=1805656461208&payff=0&pip=7c746bee0c04209d2b1078b601d282fe&tag=mobile&sign=bcloud_100132&termid=2&pay=0&ostype=android&hwtype=un;26202621;0-1岁;http://7nj0n6.com1.z0.glb.clouddn.com/er_ge/家庭礼貌称呼歌.mp4
颜色歌;http://g.beva.com/kan-erge/c10136--yan-se-ge.html;http://fs.beva.cn/topic/t59/i1411/yansege108x81.jpg;http://g3.letv.cn/vod/v2/MzIvMzkvMTA5L2xldHYtdXRzLzQ2MjA0MzgtQVZDLTI1OTkzNS1BQUMtMzIwMDAtNjI0MzMtMjMwNTU1Mi1hYzIxM2Y1ZDIzYWE1NDc2MTc3MWRkNWFjNTlhMDZlOS0xMzcxNTQ4Mjk4NjY2Lm1wNA==?b=295&mmsid=2720480&tm=1437623037&key=4d29bc16c3a1e028981ed21871018244&platid=2&splatid=206&playid=0&tss=no&vtype=21&cvid=1805656461208&payff=0&pip=7c746bee0c04209d2b1078b601d282fe&tag=mobile&sign=bcloud_100132&termid=2&pay=0&ostype=android&hwtype=un;6541141;0-1岁;http://7nj0n6.com1.z0.glb.clouddn.com/er_ge/颜色歌.mp4
数数歌;http://g.beva.com/kan-erge/c10136--shu-shu-ge.html;http://fs.beva.cn/topic/t59/i1257/108shushuge.jpg;http://g3.letv.cn/vod/v2/NDMvMjMvODcvYmNsb3VkLzg3OTU5NjUtYXZjLTI1ODgxMy1hYWMtMzIwMDAtODk5MzMtMzMxNzY5MC0zYmVjM2RiODU3NGUyN2NiNjNjODY5OTA3YzMzNTcwYS0xMzg1NTY2MTY1Njk2Lm1wNA==?b=294&mmsid=3503657&tm=1437623049&key=9aa22c673a5db4485046373ea0f0003e&platid=2&splatid=206&playid=0&tss=no&vtype=21&cvid=1805656461208&payff=0&pip=7c746bee0c04209d2b1078b601d282fe&tag=mobile&sign=bcloud_100132&termid=2&pay=0&ostype=android&hwtype=un;9411204;0-1岁;http://7nj0n6.com1.z0.glb.clouddn.com/er_ge/数数歌.mp4
有个小店;http://g.beva.com/kan-erge/c10136--you-ge-xiao-dian.html;http://fs.beva.cn/topic/t59/i1874/beiwaxiaodianguanggao108x81.jpg;http://g3.letv.cn/vod/v2/MTA0LzQ5LzQ3L2JjbG91ZC8xMDAxMzIvdmVyXzAwXzIyLTMwMjU1MTE2Mi1hdmMtMjEyNzU1LWFhYy0zMjE4My0xNTIwMC00ODQyMDktYjkxMDQ4ODExYWFkNTQzNzNlZGNlM2YxNTJiNGE0ZmQtMTQyMTIyNTM5ODgwNC5tcDQ=?b=254&mmsid=26118890&tm=1437623062&key=71aa7c181381de185d1958db736a33ff&platid=2&splatid=206&playid=0&tss=no&vtype=21&cvid=1805656461208&payff=0&pip=7c746bee0c04209d2b1078b601d282fe&tag=mobile&sign=bcloud_100132&termid=2&pay=0&ostype=android&hwtype=un;6589383;0-1岁;http://7nj0n6.com1.z0.glb.clouddn.com/er_ge/有个小店.mp4
拍手歌;http://g.beva.com/kan-erge/c10136--pai-shou-ge.html;http://fs.beva.cn/topic/t59/i378/pai-shou-ge-108.jpg;http://g3.letv.cn/vod/v2/NDcvMzcvNDAvYmNsb3VkLzg3ODIzNTktYXZjLTI2NDQ2Mi1hYWMtMzIwMDAtNzY0MDAtMjg3MjAzMS1iOGFiM2QwY2JjNTM4YjU0YzhiNGQ0YjcyNzI1MzZmYy0xMzg1NTMzMzk4MzI0Lm1wNA==?b=299&mmsid=3501765&tm=1437623074&key=2912f418bdd801cfb5a7e70b4b2592bb&platid=2&splatid=206&playid=0&tss=no&vtype=21&cvid=1805656461208&payff=0&pip=7c746bee0c04209d2b1078b601d282fe&tag=mobile&sign=bcloud_100132&termid=2&pay=0&ostype=android&hwtype=un;24266899;0-1岁;http://7nj0n6.com1.z0.glb.clouddn.com/er_ge/拍手歌.mp4
小燕子;http://g.beva.com/kan-erge/c10136--xiao-yan-zi.html;http://fs.beva.cn/topic/t59/i314/xiao-yan-zi-108-02.png;http://g3.letv.cn/vod/v2/NDcvMTIvNDUvYmNsb3VkLzg3ODE1NDUtYXZjLTI1OTU0Ny1hYWMtMzIwMDAtMTA5NDAwLTQwNDQzOTMtYjJiNTJkNzQ1ZGI4MTU0NjA1ZjE1NWVlYWRkNmYyM2EtMTM4NTUzMjUyNzA2OS5tcDQ=?b=295&mmsid=3501675&tm=1437623088&key=2c0e8cb2d59c760944457c478855448e&platid=2&splatid=206&playid=0&tss=no&vtype=21&cvid=1805656461208&payff=0&pip=7c746bee0c04209d2b1078b601d282fe&tag=mobile&sign=bcloud_100132&termid=2&pay=0&ostype=android&hwtype=un;29823044;0-1岁;http://7nj0n6.com1.z0.glb.clouddn.com/er_ge/小燕子.mp4
点我点我嘛;http://g.beva.com/kan-erge/c10136--dian-wo-dian-wo-ma.html;http://fs.beva.cn/topic/t59/i1878/guanggao108x81.jpg;http://g3.letv.cn/vod/v2/MTI0LzE4LzEwMy9iY2xvdWQvMTAwMTMyL3Zlcl8wMF8yMi0zMDIwMTUyMTQtYXZjLTIyMDgzMy1hYWMtMzIyNTUtMTUyMDAtNDk5NzU2LTNlNDMwNTE4M2JlNDEzOTk0NmE1NGI0NTI3ZDg0MDFhLTE0MjA3NzEwODQyMDQubXA0?b=262&mmsid=25992267&tm=1437623101&key=262d7acdb6f1b7fec3cea7bddf5b3a57&platid=2&splatid=206&playid=0&tss=no&vtype=21&cvid=1805656461208&payff=0&pip=7c746bee0c04209d2b1078b601d282fe&tag=mobile&sign=bcloud_100132&termid=2&pay=0&ostype=android&hwtype=un;997040;0-1岁;http://7nj0n6.com1.z0.glb.clouddn.com/er_ge/点我点我嘛.mp4
小星星;http://g.beva.com/kan-erge/c10136--xiao-xing-xing.html;http://fs.beva.cn/topic/t59/i421/xiaoxingxing108-81.jpg;http://g3.letv.cn/vod/v2/NTAvNTMvODYvYmNsb3VkLzEwMzI4MDM2LWF2Yy0yNjI0OTktYWFjLTMyMDAwLTgxMTY3LTMwMzA4NjQtZjdkNDFiZmY5Njk2YzNmNjJjMDJhMTZkYmNlMDJiMWItMTM4OTc4MDc0NjE0My5tcDQ=?b=297&mmsid=3699580&tm=1437623113&key=df91f885ec3d3429f24e80f1f5e205a7&platid=2&splatid=206&playid=0&tss=no&vtype=21&cvid=1805656461208&payff=0&pip=7c746bee0c04209d2b1078b601d282fe&tag=mobile&sign=bcloud_100132&termid=2&pay=0&ostype=android&hwtype=un;22588724;0-1岁;http://7nj0n6.com1.z0.glb.clouddn.com/er_ge/小星星.mp4
生日快乐;http://g.beva.com/kan-erge/c10136--sheng-ri-kuai-le.html;http://fs.beva.cn/topic/t59/i614/108-81.jpg;http://g3.letv.cn/vod/v2/NDIvNDQvODMvYmNsb3VkLzEwMzI3NzYwLWF2Yy0yNjE4MTAtYWFjLTMyMDAwLTc1NjY3LTI4MTg4NzktMjBmZWQ5MmZjYjkzZGI1YjdjMWFjOGFkMjk4YmNlNjEtMTM4OTc3OTk2NTk0NC5tcDQ=?b=297&mmsid=3699538&tm=1437623126&key=440312c91e3c2a1ad7f9b556b57283e5&platid=2&splatid=206&playid=0&tss=no&vtype=21&cvid=1805656461208&payff=0&pip=7c746bee0c04209d2b1078b601d282fe&tag=mobile&sign=bcloud_100132&termid=2&pay=0&ostype=android&hwtype=un;13992208;0-1岁;http://7nj0n6.com1.z0.glb.clouddn.com/er_ge/生日快乐.mp4
小老鼠上灯台;http://g.beva.com/kan-erge/c10136--xiao-lao-shu-shang-deng-tai.html;http://fs.beva.cn/topic/t59/i60/xiaolaoshu108-2.jpg;http://g3.letv.cn/vod/v2/NDEvNC8xMDYvYmNsb3VkLzEwMzMyMTI3LWF2Yy0yNTk3NzYtYWFjLTMyMDAwLTgyNjY3LTMwNTg4MTYtYzlkMDEwNWJmYmVmMzhlNDFjNmMzM2U3NTMxOWE3NDEtMTM4OTc4NTMyNzc2Mi5tcDQ=?b=295&mmsid=3699993&tm=1437623139&key=91a5523e93d68d4ad0a15d35c8de7b33&platid=2&splatid=206&playid=0&tss=no&vtype=21&cvid=1805656461208&payff=0&pip=7c746bee0c04209d2b1078b601d282fe&tag=mobile&sign=bcloud_100132&termid=2&pay=0&ostype=android&hwtype=un;16129372;0-1岁;http://7nj0n6.com1.z0.glb.clouddn.com/er_ge/小老鼠上灯台.mp4
我是一个粉刷匠;http://g.beva.com/kan-erge/c10136--wo-shi-yi-ge-fen-shua-jiang.html;http://fs.beva.cn/topic/t59/i488/woshiyigefenshuajiang108-81.jpg;http://g3.letv.cn/vod/v2/NDMvNS84My9iY2xvdWQvMTAzMjgzNjMtYXZjLTI2MTMwMy1hYWMtMzIwMDAtNTY1NjctMjEwNDYyMS00YzA3NDBjYzE3MzBlYjNmYzQ5YTdiZjQ5YmVkMGE3NC0xMzg5NzgxMzAxNDMyLm1wNA==?b=296&mmsid=3699651&tm=1437623152&key=3f0dc2d7b9ad0b5c3e9658b56d39d348&platid=2&splatid=206&playid=0&tss=no&vtype=21&cvid=1805656461208&payff=0&pip=7c746bee0c04209d2b1078b601d282fe&tag=mobile&sign=bcloud_100132&termid=2&pay=0&ostype=android&hwtype=un;16812017;0-1岁;http://7nj0n6.com1.z0.glb.clouddn.com/er_ge/我是一个粉刷匠.mp4
布拉姆斯摇篮曲;http://g.beva.com/kan-erge/c10136--bu-la-mu-si-yao-lan-qu.html;http://fs.beva.cn/topic/t59/i1370/bulamusi108x81.jpg;http://g3.letv.cn/vod/v2/NDQvMS84OC9iY2xvdWQvODc5NTM1OS1hdmMtMjYyODEyLWFhYy0zMjAwMC05NzI2Ny0zNjM0NjE4LTk1OGMwZGQzN2FkOWUzODI5ODBkZWU5MTg2ZmI4ZTZkLTEzODU1NjQ5MzExMDMubXA0?b=298&mmsid=3503536&tm=1437623164&key=c19f93b6b97ab980f81406a33e9086f2&platid=2&splatid=206&playid=0&tss=no&vtype=21&cvid=1805656461208&payff=0&pip=7c746bee0c04209d2b1078b601d282fe&tag=mobile&sign=bcloud_100132&termid=2&pay=0&ostype=android&hwtype=un;3840961;0-1岁;http://7nj0n6.com1.z0.glb.clouddn.com/er_ge/布拉姆斯摇篮曲.mp4
小手拍拍;http://g.beva.com/kan-erge/c10136--xiao-shou-pai-pai.html;http://fs.beva.cn/topic/t59/i1226/xiaoshoupaipai108-81.jpg;http://g3.letv.cn/vod/v2/NDUvMTAvOTIvYmNsb3VkLzg3OTU0NTItYXZjLTI1OTA5Ni1hYWMtMzIwMDAtNzMzMzMtMjcwNzAzOC0zNGY5YTBhZjFmNDhiNGEzZmU1MTU3NThiMWNjZDU2Yy0xMzg1NTY1MTgwNDYxLm1wNA==?b=294&mmsid=3503553&tm=1437623176&key=acb3c2495fe2271bbebf2d3ab8b214bf&platid=2&splatid=206&playid=0&tss=no&vtype=21&cvid=1805656461208&payff=0&pip=7c746bee0c04209d2b1078b601d282fe&tag=mobile&sign=bcloud_100132&termid=2&pay=0&ostype=android&hwtype=un;4249181;0-1岁;http://7nj0n6.com1.z0.glb.clouddn.com/er_ge/小手拍拍.mp4
小乌龟;http://g.beva.com/kan-erge/c10136--xiao-wu-gui.html;http://fs.beva.cn/topic/t59/i1141/xiaowugui108.jpg;http://g3.letv.cn/vod/v2/NDcvNDcvNDMvYmNsb3VkLzEwMzMzNTY0LWF2Yy0yNTk4NjEtYWFjLTMyMDAwLTc2MzAwLTI4MjQ0ODQtMzJhZjMyMWVkZDc3YzQ2YmQ4MWE0MGMwODgyZWQ2MTQtMTM4OTc4Nzk1NzM3NS5tcDQ=?b=295&mmsid=3700133&tm=1437623189&key=1393de8dbcb39bdd1b45994d29a51e8d&platid=2&splatid=206&playid=0&tss=no&vtype=21&cvid=1805656461208&payff=0&pip=7c746bee0c04209d2b1078b601d282fe&tag=mobile&sign=bcloud_100132&termid=2&pay=0&ostype=android&hwtype=un;12106385;0-1岁;http://7nj0n6.com1.z0.glb.clouddn.com/er_ge/小乌龟.mp4
虫儿的歌;http://g.beva.com/kan-erge/c10136--chong-er-de-ge.html;http://fs.beva.cn/topic/t59/i58/chongerdege108-2.jpg;http://g3.letv.cn/vod/v2/MTkvNDQvMi9sZXR2LXV0cy84NTc3NTgtQVZDLTI2MDU3NS1BQUMtMzIwMDAtMTE4MzI5LTQzNzUyMDMtMGM1NDA0MDI2NGU5ZGUwNzJhMzRiOTE1YTljMTVkMzMtMTM1MzMyMTAyNjA2OS5tcDQ=?b=295&mmsid=1965805&tm=1437623201&key=384ed83c30beb28c58e020f62ef78541&platid=2&splatid=206&playid=0&tss=no&vtype=21&cvid=1805656461208&payff=0&pip=7c746bee0c04209d2b1078b601d282fe&tag=mobile&sign=bcloud_100132&termid=2&pay=0&ostype=android&hwtype=un;12919441;0-1岁;http://7nj0n6.com1.z0.glb.clouddn.com/er_ge/虫儿的歌.mp4
一个蛤蟆四条腿儿;http://g.beva.com/kan-erge/c10136--yi-ge-ha-ma.html;http://fs.beva.cn/topic/t59/i1358/yigehama108x81.jpg;http://g3.letv.cn/vod/v2/NDYvNS81NC9iY2xvdWQvODc5NDgxMS1hdmMtMjU5NjAwLWFhYy0zMjAwMC05MjE2Ny0zNDA3Nzg3LWI5ZWNmZGJiZDBkN2E3MTZkNjVlYjliMTQ2ODY5Yjc2LTEzODU1NjM3NjI5NjgubXA0?b=295&mmsid=3503430&tm=1437623214&key=746c9c415c478b53e48b5f9069c38f51&platid=2&splatid=206&playid=0&tss=no&vtype=21&cvid=1805656461208&payff=0&pip=7c746bee0c04209d2b1078b601d282fe&tag=mobile&sign=bcloud_100132&termid=2&pay=0&ostype=android&hwtype=un;2591322;0-1岁;http://7nj0n6.com1.z0.glb.clouddn.com/er_ge/一个蛤蟆四条腿儿.mp4
小青蛇小花蛇;http://g.beva.com/kan-erge/c10136--xiao-qing-she-xiao-hua-she.html;http://fs.beva.cn/topic/t59/i1407/xiaoqingshe108x81.jpg;http://g3.letv.cn/vod/v2/NTAvMjkvNTQvYmNsb3VkLzg3OTQ4MDEtYXZjLTI2MDI3Ny1hYWMtMzIwMDAtODk1NjctMzMxOTEwMS0xMzVkNDY0YWFiNDk3M2RkMDIyYmIwNGIzNDMwZTQwYS0xMzg1NTYzNjIxMTcxLm1wNA==?b=296&mmsid=3503428&tm=1437623227&key=4bc0b4dd5c75327790b84c262d4c14b5&platid=2&splatid=206&playid=0&tss=no&vtype=21&cvid=1805656461208&payff=0&pip=7c746bee0c04209d2b1078b601d282fe&tag=mobile&sign=bcloud_100132&termid=2&pay=0&ostype=android&hwtype=un;2029328;0-1岁;http://7nj0n6.com1.z0.glb.clouddn.com/er_ge/小青蛇小花蛇.mp4
睡吧宝贝;http://g.beva.com/kan-erge/c10136--shui-ba-bao-bei.html;http://fs.beva.cn/topic/t59/i847/shuibabaobei108-81.jpg;http://g3.letv.cn/vod/v2/NDgvNDEvNDIvYmNsb3VkLzEwMzM0NDIyLWF2Yy0yNjI3NjMtYWFjLTMyMDAwLTE1MzQ2Ny01NzMzNzIzLWYyZjUxMmE4N2M0MmVkZjhiNjhhYmNkNzBhN2Y1ZmUzLTEzODk3OTA1NTI3MTcubXA0?b=298&mmsid=3700278&tm=1437623239&key=7f1bda9723f31c5deff0dbd005ec035b&platid=2&splatid=206&playid=0&tss=no&vtype=21&cvid=1805656461208&payff=0&pip=7c746bee0c04209d2b1078b601d282fe&tag=mobile&sign=bcloud_100132&termid=2&pay=0&ostype=android&hwtype=un;4221315;0-1岁;http://7nj0n6.com1.z0.glb.clouddn.com/er_ge/睡吧宝贝.mp4
Touch me;http://g.beva.com/kan-erge/c10136--touch-me.html;http://fs.beva.cn/topic/t59/i1873/beiwaxiaodianguanggao108x81.jpg;http://g3.letv.cn/vod/v2/MTA0LzQ5LzQ3L2JjbG91ZC8xMDAxMzIvdmVyXzAwXzIyLTMwMjU1MTE2Mi1hdmMtMjEyNzU1LWFhYy0zMjE4My0xNTIwMC00ODQyMDktYjkxMDQ4ODExYWFkNTQzNzNlZGNlM2YxNTJiNGE0ZmQtMTQyMTIyNTM5ODgwNC5tcDQ=?b=254&mmsid=26118890&tm=1437623062&key=71aa7c181381de185d1958db736a33ff&platid=2&splatid=206&playid=0&tss=no&vtype=21&cvid=1805656461208&payff=0&pip=7c746bee0c04209d2b1078b601d282fe&tag=mobile&sign=bcloud_100132&termid=2&pay=0&ostype=android&hwtype=un;309869;0-1岁;http://7nj0n6.com1.z0.glb.clouddn.com/er_ge/Touchme.mp4
两只小象;http://g.beva.com/kan-erge/c10136--liang-zhi-xiao-xiang.html;http://fs.beva.cn/topic/t59/i1410/liangzhixiaoxiang108x81.jpg;http://g3.letv.cn/vod/v2/MzIvMy85MS9sZXR2LXV0cy80NjE1NDg4LUFWQy0yNjA2NDYtQUFDLTMyMDAwLTc4ODMzLTI5MjQ4NjktMzNmOTc3NmE5MzhmOTYzOWJlNWUwMjUxOTM5ZWVjNjgtMTM3MTU0NDA5MzY1MS5tcDQ=?b=296&mmsid=2720062&tm=1437623264&key=76932972f57806d147795d203b9296a0&platid=2&splatid=206&playid=0&tss=no&vtype=21&cvid=1805656461208&payff=0&pip=7c746bee0c04209d2b1078b601d282fe&tag=mobile&sign=bcloud_100132&termid=2&pay=0&ostype=android&hwtype=un;3026364;0-1岁;http://7nj0n6.com1.z0.glb.clouddn.com/er_ge/两只小象.mp4
鲁冰花;http://g.beva.com/kan-erge/c10136--lu-bing-hua.html;http://fs.beva.cn/topic/t59/i1255/lubinghua108.jpg;http://g3.letv.cn/vod/v2/NDcvMzUvOTEvYmNsb3VkLzg3OTU1NzAtYXZjLTI2MDk1Ni1hYWMtMzIwMDAtNzc3NjctMjg4OTMxOC02YjVjMjQ3OWQ5MTFkYzMwYjYzYTJkYjg2OWIwYTFjOC0xMzg1NTY1MzU0MDk4Lm1wNA==?b=296&mmsid=3503577&tm=1437623277&key=3afd4f2849445dc2eb32e0d2bcfda306&platid=2&splatid=206&playid=0&tss=no&vtype=21&cvid=1805656461208&payff=0&pip=7c746bee0c04209d2b1078b601d282fe&tag=mobile&sign=bcloud_100132&termid=2&pay=0&ostype=android&hwtype=un;3906865;0-1岁;http://7nj0n6.com1.z0.glb.clouddn.com/er_ge/鲁冰花.mp4
包饺子;http://g.beva.com/kan-erge/c10136--bao-jiao-zi.html;http://fs.beva.cn/topic/t59/i1467/baojiaozi108.jpg;http://g3.letv.cn/vod/v2/NDcvMTAvMTA2L2JjbG91ZC8xMDMzMjE2My1hdmMtMjU4NTc3LWFhYy0zMjAwMC02OTkzMy0yNTc3OTc1LWYzNjcxYWM2OGQxMTIyM2Y2MmE4YjJkZmI2ZjlmMTEwLTEzODk3ODUyOTk4NzgubXA0?b=294&mmsid=3699999&tm=1437623289&key=722ef3d15cea1fd8dbf4638f4311df44&platid=2&splatid=206&playid=0&tss=no&vtype=21&cvid=1805656461208&payff=0&pip=7c746bee0c04209d2b1078b601d282fe&tag=mobile&sign=bcloud_100132&termid=2&pay=0&ostype=android&hwtype=un;7514990;0-1岁;http://7nj0n6.com1.z0.glb.clouddn.com/er_ge/包饺子.mp4
懒惰猫;http://g.beva.com/kan-erge/c10136--lan-duo-mao.html;http://fs.beva.cn/topic/t59/i1433/landuomao_108x81.jpg;http://g3.letv.cn/vod/v2/NDIvMzMvMTAvYmNsb3VkLzEwMzIxODk3LWF2Yy0yNjA2NzUtYWFjLTMyMDAwLTExMzAzMy00MTk0MTk3LTQxZmEzNzdmY2M1OTMxMTJhMTY5Mzc0OWFjODY2ZjYxLTEzODk3NjgyODkyNDIubXA0?b=296&mmsid=3698550&tm=1437623302&key=bc7f69b473bf97bfee921f3b7ef0fdeb&platid=2&splatid=206&playid=0&tss=no&vtype=21&cvid=1805656461208&payff=0&pip=7c746bee0c04209d2b1078b601d282fe&tag=mobile&sign=bcloud_100132&termid=2&pay=0&ostype=android&hwtype=un;2263370;0-1岁;http://7nj0n6.com1.z0.glb.clouddn.com/er_ge/懒惰猫.mp4
我爱洗澡;http://g.beva.com/kan-erge/c10136--wo-ai-xi-zao.html;http://fs.beva.cn/topic/t59/i1260/woqixizao-108.jpg;http://g3.letv.cn/vod/v2/NDUvMTcvNjMvYmNsb3VkLzg3OTQ0NTQtYXZjLTI2MDg1My1hYWMtMzIwMDAtOTMzMzMtMzQ2Njc1OC02MDc1M2IyNzc1MDU2MmEyMzFlZmNlNmI2YTA5YTlmYS0xMzg1NTYyNzkxMTYwLm1wNA==?b=296&mmsid=3503359&tm=1437623318&key=09b4ff6936b5c58f30a144689fb633cc&platid=2&splatid=206&playid=0&tss=no&vtype=21&cvid=1805656461208&payff=0&pip=7c746bee0c04209d2b1078b601d282fe&tag=mobile&sign=bcloud_100132&termid=2&pay=0&ostype=android&hwtype=un;5902588;0-1岁;http://7nj0n6.com1.z0.glb.clouddn.com/er_ge/我爱洗澡.mp4
宝宝的洗澡盆;http://g.beva.com/kan-erge/c10136--bao-bao-de-xi-zao-pen.html;http://fs.beva.cn/topic/t59/i683/xizaopen108.jpg;http://g3.letv.cn/vod/v2/NDQvMTYvMTAzL2JjbG91ZC8xMDMzMTcwMi1hdmMtMjYwNzE5LWFhYy0zMjAwMC02NjAzMy0yNDUwOTYyLTMzMjZjOWE1MGI2ZDlhZDkwZjRjMDNlNTU4MTg4ZjUzLTEzODk3ODQyNjY2MzQubXA0?b=296&mmsid=3699920&tm=1437623331&key=2186127e1570ac340b3ed47492d7a36d&platid=2&splatid=206&playid=0&tss=no&vtype=21&cvid=1805656461208&payff=0&pip=7c746bee0c04209d2b1078b601d282fe&tag=mobile&sign=bcloud_100132&termid=2&pay=0&ostype=android&hwtype=un;3413764;0-1岁;http://7nj0n6.com1.z0.glb.clouddn.com/er_ge/宝宝的洗澡盆.mp4
五指歌;http://g.beva.com/kan-erge/c10136--wu-zhi-ge.html;http://fs.beva.cn/topic/t59/i1302/108x81wuzhige.jpg;http://g3.letv.cn/vod/v2/NDMvOS81NS9iY2xvdWQvODc5NDcwOS1hdmMtMjU3MDAyLWFhYy0zMjAwMC03NzkzMy0yODU3Mjg2LTZhNDg0M2M2ZTcyYzNhZGRkYWI1OTAwZmQ5M2M4MmM2LTEzODU1NjMzOTUxMjYubXA0?b=293&mmsid=3503409&tm=1437623344&key=9bc9ab89fdc36b171a6bbd82f56d9223&platid=2&splatid=206&playid=0&tss=no&vtype=21&cvid=1805656461208&payff=0&pip=7c746bee0c04209d2b1078b601d282fe&tag=mobile&sign=bcloud_100132&termid=2&pay=0&ostype=android&hwtype=un;7688142;0-1岁;http://7nj0n6.com1.z0.glb.clouddn.com/er_ge/五指歌.mp4
嘀嘀嘟嘟汽车;http://g.beva.com/kan-erge/c10136--di-di-du-du-qi-che.html;http://fs.beva.cn/topic/t59/i684/didu11-9.jpg;http://g3.letv.cn/vod/v2/NDQvMy83NC9iY2xvdWQvMTAzMzA0MDQtYXZjLTI1ODkxNy1hYWMtMzIwMDAtODE5MzMtMzAyMzQ5MC01NDMzODMzN2VlOTJkNjZiY2IyZGUxNGEwODRjY2E1ZS0xMzg5NzgyMjc5NzEzLm1wNA==?b=294&mmsid=3699732&tm=1437623357&key=0b73a8e823d5e08dc7668de3b0817d24&platid=2&splatid=206&playid=0&tss=no&vtype=21&cvid=1805656461208&payff=0&pip=7c746bee0c04209d2b1078b601d282fe&tag=mobile&sign=bcloud_100132&termid=2&pay=0&ostype=android&hwtype=un;3007455;0-1岁;http://7nj0n6.com1.z0.glb.clouddn.com/er_ge/嘀嘀嘟嘟汽车.mp4
一只哈巴狗;http://g.beva.com/kan-erge/c10136--yi-zhi-ha-ba-gou.html;http://fs.beva.cn/topic/t59/i1218/yizhihabagou108x81.jpg;http://g3.letv.cn/vod/v2/NDQvMTYvNjMvYmNsb3VkLzg3OTQ0NDktYXZjLTI2MDM4Ny1hYWMtMzIwMDAtOTAwMzMtMzMzNzg2My02MzZlNjBhYWVlOTM0ODQ3MGQ0ZDQxY2IwMDU2Y2QxNC0xMzg1NTYyNzA2MDY4Lm1wNA==?b=296&mmsid=3503358&tm=1437623370&key=9c5cca174d87e9bb17081863c5003982&platid=2&splatid=206&playid=0&tss=no&vtype=21&cvid=1805656461208&payff=0&pip=7c746bee0c04209d2b1078b601d282fe&tag=mobile&sign=bcloud_100132&termid=2&pay=0&ostype=android&hwtype=un;3639955;0-1岁;http://7nj0n6.com1.z0.glb.clouddn.com/er_ge/一只哈巴狗.mp4
下雨啦;http://g.beva.com/kan-erge/c10136--xia-yu-la.html;http://fs.beva.cn/topic/t59/i1346/108x81.jpg;http://g3.letv.cn/vod/v2/NDYvMy84OC9iY2xvdWQvODc5NTM2OS1hdmMtMjYwNjU0LWFhYy0zMjAwMC04MzIzMy0zMDkwNDkxLTM3YmNlNWU3NDEzY2ZlZmI3Mzg1OWY3NGYwNTJkNTI3LTEzODU1NjQ5NzQwOTkubXA0?b=296&mmsid=3503538&tm=1437623383&key=7bb2e0fcf1f6eef92fc67c9739c0b1e3&platid=2&splatid=206&playid=0&tss=no&vtype=21&cvid=1805656461208&payff=0&pip=7c746bee0c04209d2b1078b601d282fe&tag=mobile&sign=bcloud_100132&termid=2&pay=0&ostype=android&hwtype=un;4581264;0-1岁;http://7nj0n6.com1.z0.glb.clouddn.com/er_ge/下雨啦.mp4
小鸭子;http://g.beva.com/kan-erge/c10136--xiao-ya-zi.html;http://fs.beva.cn/topic/t59/i1230/108xiaoyazi.jpg;http://g3.letv.cn/vod/v2/NDgvNTMvNjIvYmNsb3VkLzg3OTQ0OTYtYXZjLTI1ODIzNC1hYWMtMzIwMDAtNjUwNjctMjM5NjE1NS00ZWZmNmM1ZGM2MmUxMThmNDNmNGY2Y2M1ODE4MmY1Zi0xMzg1NTYyODM3NjY5Lm1wNA==?b=293&mmsid=3503368&tm=1437623395&key=1145bb4e72b94b80b288f970dab2a7d0&platid=2&splatid=206&playid=0&tss=no&vtype=21&cvid=1805656461208&payff=0&pip=7c746bee0c04209d2b1078b601d282fe&tag=mobile&sign=bcloud_100132&termid=2&pay=0&ostype=android&hwtype=un;3809793;0-1岁;http://7nj0n6.com1.z0.glb.clouddn.com/er_ge/小鸭子.mp4
尾巴谣;http://g.beva.com/kan-erge/c10136--wei-ba-yao.html;http://fs.beva.cn/topic/t59/i1441/weibayao_108x81.jpg;http://g3.letv.cn/vod/v2/MzQvMjAvODEvYmNsb3VkLzUyMTU2MTYtQVZDLTI1ODM4OC1BQUMtMzIwMDAtMTIwMzY3LTQ0MzI3MDctZGFkZWUxZGE2MzE5ZTI3MGNlYmQ3YWYzMzMxYjY5ZTItMTM3Mjc2MDY1MDk5MC5tcDQ=?b=294&mmsid=2811264&tm=1437623408&key=8e62f93f9d50b9d981012beaf1be7ec7&platid=2&splatid=206&playid=0&tss=no&vtype=21&cvid=1805656461208&payff=0&pip=7c746bee0c04209d2b1078b601d282fe&tag=mobile&sign=bcloud_100132&termid=2&pay=0&ostype=android&hwtype=un;1074578;0-1岁;http://7nj0n6.com1.z0.glb.clouddn.com/er_ge/尾巴谣.mp4
小羊;http://g.beva.com/kan-erge/c10136--xiao-yang.html;http://fs.beva.cn/topic/t59/i1270/108xiaoyang.jpg;http://g3.letv.cn/vod/v2/NDgvNC81NS9iY2xvdWQvODc5NDY4NS1hdmMtMjYxMDgzLWFhYy0zMjAwMC03ODk2Ny0yOTM1Mjg4LTZkNTJhNzg1ZDRhYjYyNDc5ZmExOTBlZTFlZjI0NWE5LTEzODU1NjM0NDM2OTkubXA0?b=296&mmsid=3503404&tm=1437623421&key=82d6c47cb2216179b84db107b9aa1924&platid=2&splatid=206&playid=0&tss=no&vtype=21&cvid=1805656461208&payff=0&pip=7c746bee0c04209d2b1078b601d282fe&tag=mobile&sign=bcloud_100132&termid=2&pay=0&ostype=android&hwtype=un;3774924;0-1岁;http://7nj0n6.com1.z0.glb.clouddn.com/er_ge/小羊.mp4
新上学歌;http://g.beva.com/kan-erge/c10136--xin-shang-xue-ge.html;http://fs.beva.cn/topic/t59/i1388/shangxuege108.jpg;http://g3.letv.cn/vod/v2/NDUvNTEvNS9iY2xvdWQvMTAzMjI1MjQtYXZjLTI1OTE5MC1hYWMtMzIwMDAtOTMyNjctMzQ0Mzg5MC05NWRjMDNmNGI3NDMxYzUyMWNlNDdhMTVjN2IwODI0NS0xMzg5NzY5NDkyMTcxLm1wNA==?b=294&mmsid=3698659&tm=1437623433&key=2538ced3ff86218feb07d058c2699f38&platid=2&splatid=206&playid=0&tss=no&vtype=21&cvid=1805656461208&payff=0&pip=7c746bee0c04209d2b1078b601d282fe&tag=mobile&sign=bcloud_100132&termid=2&pay=0&ostype=android&hwtype=un;1375950;0-1岁;http://7nj0n6.com1.z0.glb.clouddn.com/er_ge/新上学歌.mp4
月儿宝;http://g.beva.com/kan-erge/c10136--yue-er-bao.html;http://fs.beva.cn/topic/t59/i1547/yueerbao108x81.jpg;http://g3.letv.cn/vod/v2/NDcvMTUvNzQvYmNsb3VkLzg3ODQ1OTktYXZjLTI2MDU2OC1hYWMtMzIwMDAtODc4MzMtMzI1OTY3Ny1hYTA4MGVjMjE1ZTZlMjVmOGNlNzBiNzQxMGVhNmMzMS0xMzg1NTM3NjQzNjYzLm1wNA==?b=296&mmsid=3502079&tm=1437623445&key=bce9a2119a9e61ab67b4b25556e1fa4a&platid=2&splatid=206&playid=0&tss=no&vtype=21&cvid=1805656461208&payff=0&pip=7c746bee0c04209d2b1078b601d282fe&tag=mobile&sign=bcloud_100132&termid=2&pay=0&ostype=android&hwtype=un;3794810;0-1岁;http://7nj0n6.com1.z0.glb.clouddn.com/er_ge/月儿宝.mp4
一般人我不让点;http://g.beva.com/kan-erge/c10136--yi-ban-ren-wo-bu-rang-dian.html;http://fs.beva.cn/topic/t59/i1877/guanggao108x81.jpg;http://g3.letv.cn/vod/v2/MTI0LzE4LzEwMy9iY2xvdWQvMTAwMTMyL3Zlcl8wMF8yMi0zMDIwMTUyMTQtYXZjLTIyMDgzMy1hYWMtMzIyNTUtMTUyMDAtNDk5NzU2LTNlNDMwNTE4M2JlNDEzOTk0NmE1NGI0NTI3ZDg0MDFhLTE0MjA3NzEwODQyMDQubXA0?b=262&mmsid=25992267&tm=1437623101&key=262d7acdb6f1b7fec3cea7bddf5b3a57&platid=2&splatid=206&playid=0&tss=no&vtype=21&cvid=1805656461208&payff=0&pip=7c746bee0c04209d2b1078b601d282fe&tag=mobile&sign=bcloud_100132&termid=2&pay=0&ostype=android&hwtype=un;558302;0-1岁;http://7nj0n6.com1.z0.glb.clouddn.com/er_ge/一般人我不让点.mp4
Are you sleeping;http://g.beva.com/kan-erge/c10136--are-you-sleeping-ni-shui-zhao-le-me.html;http://fs.beva.cn/topic/t59/i1439/areyousleeping_108x81.jpg;http://g3.letv.cn/vod/v2/NDgvMzYvMS9iY2xvdWQvMTAzMjIzOTYtYXZjLTI1Njk2MS1hYWMtMzIwMDAtODMxMzMtMzA0NjY5My05NTA4ODA2YzdkODljMWU3MTJmODk4NDBhYzM3ZTFkZC0xMzg5NzY5Mzg0OTU0Lm1wNA==?b=292&mmsid=3698636&tm=1437623471&key=424ab99fe83b0f71f5ff61b06d35678c&platid=2&splatid=206&playid=0&tss=no&vtype=21&cvid=1805656461208&payff=0&pip=7c746bee0c04209d2b1078b601d282fe&tag=mobile&sign=bcloud_100132&termid=2&pay=0&ostype=android&hwtype=un;3133278;0-1岁;http://7nj0n6.com1.z0.glb.clouddn.com/er_ge/Areyousleeping.mp4
Days of the Week;http://g.beva.com/kan-erge/c10136--days-of-the-week.html;http://fs.beva.cn/topic/t59/i1163/day108-81.jpg;http://g3.letv.cn/vod/v2/NDQvMjkvNjIvYmNsb3VkLzg3OTQ1MDYtYXZjLTI2MzA3NS1hYWMtMzIwMDAtNTg2MDAtMjE5Mjg5MC1iNzM5OTE0NTc3ZTNkYjgzNmM0YTViYTJjODExZGExOC0xMzg1NTYyODQ2NjI1Lm1wNA==?b=298&mmsid=3503370&tm=1437623484&key=f7fece52f26517e5336f7051de4488ec&platid=2&splatid=206&playid=0&tss=no&vtype=21&cvid=1805656461208&payff=0&pip=7c746bee0c04209d2b1078b601d282fe&tag=mobile&sign=bcloud_100132&termid=2&pay=0&ostype=android&hwtype=un;2888700;0-1岁;http://7nj0n6.com1.z0.glb.clouddn.com/er_ge/DaysoftheWeek.mp4
一双小小手;http://g.beva.com/kan-erge/c10136--yi-shuang-xiao-xiao-shou.html;http://fs.beva.cn/topic/t59/i1138/xiaoxiaoshou108-81.jpg;http://g3.letv.cn/vod/v2/NDIvNDIvNTcvYmNsb3VkLzEwMzI2OTM3LWF2Yy0yNjA5ODctYWFjLTMyMDAwLTY2MTY3LTI0NTk3NDctNjUzN2FkZTI2NTJjNjAxMzcxZDE3MjgzMmM1OWM3ODctMTM4OTc3ODE3NTY0MS5tcDQ=?b=296&mmsid=3699394&tm=1437623496&key=dc71dd3c7470b68d2dfc6846a628b937&platid=2&splatid=206&playid=0&tss=no&vtype=21&cvid=1805656461208&payff=0&pip=7c746bee0c04209d2b1078b601d282fe&tag=mobile&sign=bcloud_100132&termid=2&pay=0&ostype=android&hwtype=un;5868093;0-1岁;http://7nj0n6.com1.z0.glb.clouddn.com/er_ge/一双小小手.mp4
好朋友;http://g.beva.com/kan-erge/c10136--hao-peng-you.html;http://fs.beva.cn/topic/t59/i1357/108haopengyou.jpg;http://g3.letv.cn/vod/v2/NTAvMzUvNjIvYmNsb3VkLzg3OTQ1MzAtYXZjLTI1Njk1OC1hYWMtMzIwMDAtODcxNjctMzE5NDI4Mi00MTM4MjJkYzZjZjI4ZWFhZjk5ZjJkYTkxMjlkMDQyNS0xMzg1NTYzMDQzNTc2Lm1wNA==?b=292&mmsid=3503376&tm=1437623509&key=ab9601bfb2b417b43b0ca0432e0f48e0&platid=2&splatid=206&playid=0&tss=no&vtype=21&cvid=1805656461208&payff=0&pip=7c746bee0c04209d2b1078b601d282fe&tag=mobile&sign=bcloud_100132&termid=2&pay=0&ostype=android&hwtype=un;1343318;0-1岁;http://7nj0n6.com1.z0.glb.clouddn.com/er_ge/好朋友.mp4
刷牙歌(新);http://g.beva.com/kan-erge/c10136--shua-ya-ge-xin.html;http://fs.beva.cn/topic/t59/i1205/shuayage108.jpg;http://g3.letv.cn/vod/v2/NDEvNDkvOTEvYmNsb3VkLzg3OTU1MTMtYXZjLTI1Nzk3Ny1hYWMtMzIwMDAtOTQ3MzMtMzQ4MzE2Mi04MWU1NWRlNGM0OTEwMGRjMTNjMWFmYmUxNGMxZThlMC0xMzg1NTY1MjQ0MDA0Lm1wNA==?b=293&mmsid=3503565&tm=1437623521&key=5ab412f210a1a378495b84d86bcea29a&platid=2&splatid=206&playid=0&tss=no&vtype=21&cvid=1805656461208&payff=0&pip=7c746bee0c04209d2b1078b601d282fe&tag=mobile&sign=bcloud_100132&termid=2&pay=0&ostype=android&hwtype=un;1958660;0-1岁;http://7nj0n6.com1.z0.glb.clouddn.com/er_ge/刷牙歌(新).mp4
骑木马;http://g.beva.com/kan-erge/c10136--qi-mu-ma.html;http://fs.beva.cn/topic/t59/i1412/108x81.jpg;http://g3.letv.cn/vod/v2/NDAvMTMvODkvbGV0di11dHMvNDc3MzI4Ni1BVkMtMjU4MDk2LUFBQy0zMjAwMC0xMDM0MDAtMzgwMjMxMy03MzhiYjQ3NmZhOTkxMGU2Y2VhNjdiZjQ1NjA5N2UwOS0xMzcxNjk3MjE4NjYxLm1wNA==?b=293&mmsid=2737272&tm=1437623535&key=0bd3ef4ae29da8620beb1c530e2d4a8c&platid=2&splatid=206&playid=0&tss=no&vtype=21&cvid=1805656461208&payff=0&pip=7c746bee0c04209d2b1078b601d282fe&tag=mobile&sign=bcloud_100132&termid=2&pay=0&ostype=android&hwtype=un;1972725;0-1岁;http://7nj0n6.com1.z0.glb.clouddn.com/er_ge/骑木马.mp4
洗手歌;http://g.beva.com/kan-erge/c10136--xi-shou-ge.html;http://fs.beva.cn/topic/t59/i1229/108xishouge.jpg;http://g3.letv.cn/vod/v2/NDYvMzkvODYvYmNsb3VkLzEwMzI4MDQ1LWF2Yy0yNTgxNDAtYWFjLTMyMDAwLTY5MjMzLTI1NDc5MDAtYTIxYTI5NTUyZTViODkxMTY1Y2M5Mzg0Y2JlYWYyYTAtMTM4OTc4MDgxNzQzMi5tcDQ=?b=293&mmsid=3699592&tm=1437623551&key=966b6c9ae155d5a448bd055d8a048558&platid=2&splatid=206&playid=0&tss=no&vtype=21&cvid=1805656461208&payff=0&pip=7c746bee0c04209d2b1078b601d282fe&tag=mobile&sign=bcloud_100132&termid=2&pay=0&ostype=android&hwtype=un;7351514;0-1岁;http://7nj0n6.com1.z0.glb.clouddn.com/er_ge/洗手歌.mp4
我会好好吃饭;http://g.beva.com/kan-erge/c10136--wo-hui-hao-hao-chi-fan.html;http://fs.beva.cn/topic/t59/i1170/haohaochifan108.jpg;http://g3.letv.cn/vod/v2/NDEvMjMvODMvYmNsb3VkLzg3OTU4MDQtYXZjLTI2MDE5MC1hYWMtMzIwMDAtODM4NjctMzEwNjY1OS1mMTVlMDI3M2YwOWM3NDllNWJiNjQyOTRjM2JiYWI0Yy0xMzg1NTY1NzgzNTQ1Lm1wNA==?b=295&mmsid=3503623&tm=1437623576&key=f9e0325b26d722058ab95ea6bd8a3824&platid=2&splatid=206&playid=0&tss=no&vtype=21&cvid=997228011695&payff=0&pip=09efa5866ea96b64c71c23e95bdeabe8&tag=mobile&sign=bcloud_100132&termid=2&pay=0&ostype=android&hwtype=un;1253870;0-1岁;http://7nj0n6.com1.z0.glb.clouddn.com/er_ge/我会好好吃饭.mp4
虫儿飞;http://g.beva.com/kan-erge/c10136--chong-er-fei.html;http://fs.beva.cn/topic/t59/i1341/chongerfei108x81.jpg;http://g3.letv.cn/vod/v2/NDMvMjYvODYvYmNsb3VkLzg3OTYxMTktYXZjLTI2MTM5NS1hYWMtMzIwMDAtOTI4MzMtMzQ1NTY1My0xNjg1OTIwZGM5ODUyNjczM2QyYWVhZTUxN2E2YTYzZS0xMzg1NTY2NDU0NDgwLm1wNA==?b=297&mmsid=3503685&tm=1437623581&key=d1a5482ec5183386fa067a45e9788157&platid=2&splatid=206&playid=0&tss=no&vtype=21&cvid=997228011695&payff=0&pip=09efa5866ea96b64c71c23e95bdeabe8&tag=mobile&sign=bcloud_100132&termid=2&pay=0&ostype=android&hwtype=un;2186591;0-1岁;http://7nj0n6.com1.z0.glb.clouddn.com/er_ge/虫儿飞.mp4
小蜘蛛织大网;http://g.beva.com/kan-erge/c10136--xiao-zhi-zhu-zhi-da-wang.html;http://fs.beva.cn/topic/t59/i77/xiaozhizhu108-81.jpg;http://g3.letv.cn/vod/v2/NDUvMzUvODcvYmNsb3VkLzEwMzI3OTExLWF2Yy0yNjA2ODctYWFjLTMyMDAwLTk3NzAwLTM2MjUwNDQtN2E4Yzc3OTkwYzI1ZjIzMjk1Yzg2ZmVlZTFiNTM4NTUtMTM4OTc4MDQwMjk2MS5tcDQ=?b=296&mmsid=3699563&tm=1437623594&key=d15dcbedaf1382d11e64278947a1dd94&platid=2&splatid=206&playid=0&tss=no&vtype=21&cvid=997228011695&payff=0&pip=09efa5866ea96b64c71c23e95bdeabe8&tag=mobile&sign=bcloud_100132&termid=2&pay=0&ostype=android&hwtype=un;11192919;0-1岁;http://7nj0n6.com1.z0.glb.clouddn.com/er_ge/小蜘蛛织大网.mp4
问候歌;http://g.beva.com/kan-erge/c10136--wen-hou-ge.html;http://fs.beva.cn/topic/t59/i1443/wenhouge_108x81.jpg;http://g3.letv.cn/vod/v2/NDYvNS84NC9iY2xvdWQvMTAzMjc2ODItYXZjLTI2MDk0NC1hYWMtMzIwMDAtOTE3NjctMzQwODk4MC1kMTAyZDNlYWNmY2RhNjQwNjVmNDdkMDA2ZDZmZTllZC0xMzg5Nzc5ODA5MDI5Lm1wNA==?b=296&mmsid=3699526&tm=1437623606&key=db8098ceb192c766dcd99e7671de1f0e&platid=2&splatid=206&playid=0&tss=no&vtype=21&cvid=997228011695&payff=0&pip=09efa5866ea96b64c71c23e95bdeabe8&tag=mobile&sign=bcloud_100132&termid=2&pay=0&ostype=android&hwtype=un;1226784;0-1岁;http://7nj0n6.com1.z0.glb.clouddn.com/er_ge/问候歌.mp4
拾豆豆;http://g.beva.com/kan-erge/c10136--shi-dou-dou.html;http://fs.beva.cn/topic/t59/i1417/shidoudou_108x81.jpg;http://g3.letv.cn/vod/v2/NDAvMzQvNTEvbGV0di11dHMvNDkyNDg3MS1BVkMtMjU4ODYyLUFBQy0zMjAwMC03OTkwMC0yOTQ2MDY3LTkzZmY0OTMyZWNlNmVkNzNkYjBhODVlMTk1MDU0MzQ5LTEzNzIwNDA1MzMyODEubXA0?b=294&mmsid=2762012&tm=1437623619&key=439c3148097fe533be2120cde80ef453&platid=2&splatid=206&playid=0&tss=no&vtype=21&cvid=997228011695&payff=0&pip=09efa5866ea96b64c71c23e95bdeabe8&tag=mobile&sign=bcloud_100132&termid=2&pay=0&ostype=android&hwtype=un;1899085;0-1岁;http://7nj0n6.com1.z0.glb.clouddn.com/er_ge/拾豆豆.mp4
两只小羊要过桥;http://g.beva.com/kan-erge/c10136--liang-zhi-xiao-yang-yao-guo-qiao.html;http://fs.beva.cn/topic/t59/i1294/108liangzhixiaoyang.jpg;http://g3.letv.cn/vod/v2/NDgvMzEvMTAvYmNsb3VkLzg4MDk3MjktYXZjLTI2Mjk1Mi1hYWMtMzIwMDAtNzMyMzMtMjczODg4OS0wNDcxNDQwZjRiNmJjNjI1Mjg0OGIxNWVmMmZkYzIxZC0xMzg1NjEzOTk0NjAwLm1wNA==?b=298&mmsid=3505778&tm=1437623632&key=b9ca9adc598b9c22ad5709cf4914c156&platid=2&splatid=206&playid=0&tss=no&vtype=21&cvid=997228011695&payff=0&pip=09efa5866ea96b64c71c23e95bdeabe8&tag=mobile&sign=bcloud_100132&termid=2&pay=0&ostype=android&hwtype=un;1298735;0-1岁;http://7nj0n6.com1.z0.glb.clouddn.com/er_ge/两只小羊要过桥.mp4
苹果树;http://g.beva.com/kan-erge/c10136--ping-guo-shu.html;http://fs.beva.cn/topic/t59/i1406/appletree108x81.jpg;http://g3.letv.cn/vod/v2/NDQvOS85Mi9iY2xvdWQvODc5NTQ0Ny1hdmMtMjU5MjMzLWFhYy0zMjAwMC03NTEwMC0yNzczMjIzLWJjZDU3NzdmZWIxYzczNTViNTMwNzc5OWVmMmM0NTFiLTEzODU1NjUyOTA2NjMubXA0?b=294&mmsid=3503552&tm=1437623644&key=7fe5d0365d7d70496954d86bffb3353d&platid=2&splatid=206&playid=0&tss=no&vtype=21&cvid=1805656461208&payff=0&pip=7c746bee0c04209d2b1078b601d282fe&tag=mobile&sign=bcloud_100132&termid=2&pay=0&ostype=android&hwtype=un;1191011;0-1岁;http://7nj0n6.com1.z0.glb.clouddn.com/er_ge/苹果树.mp4
做动作;http://g.beva.com/kan-erge/c10136--zuo-dong-zuo.html;http://fs.beva.cn/topic/t59/i1378/zuodongzuo108x81.jpg;http://g3.letv.cn/vod/v2/NDEvNDMvNTMvYmNsb3VkLzg3OTQ4NzItYXZjLTI1ODE1OS1hYWMtMzIwMDAtMTAyNjMzLTM3NzUyNzctYTY1NTkyYmUzOTExNzJiZWZhODZlNWMyOGQ2YTZiYjQtMTM4NTU2MzgyODk4OS5tcDQ=?b=293&mmsid=3503441&tm=1437623657&key=0b4ca19324bc3b02063977bed8cad322&platid=2&splatid=206&playid=0&tss=no&vtype=21&cvid=1805656461208&payff=0&pip=7c746bee0c04209d2b1078b601d282fe&tag=mobile&sign=bcloud_100132&termid=2&pay=0&ostype=android&hwtype=un;947773;0-1岁;http://7nj0n6.com1.z0.glb.clouddn.com/er_ge/做动作.mp4
休息休息;http://g.beva.com/kan-erge/c10136--xiu-xi-xiu-xi.html;http://fs.beva.cn/topic/t59/i1888/xiuxitishiguanggao108x81.jpg;http://g3.letv.cn/vod/v2/MTE3LzQzLzQ0L2JjbG91ZC8xMDAxMzIvdmVyXzAwXzIyLTMwMzAxMjUwNC1hdmMtMjE3NjkxLWFhYy0zMjE3Mi0xNTE2MC00OTIxNjUtOTQwZWEwZmUyNmY3N2QwNTE0NzI1ZTNjNWNhMWE0ODMtMTQyMTcxOTcwODQxMC5tcDQ=?b=259&mmsid=26247481&tm=1437623670&key=492a1e2559e2c73f371a919339004b00&platid=2&splatid=206&playid=0&tss=no&vtype=21&cvid=1805656461208&payff=0&pip=7c746bee0c04209d2b1078b601d282fe&tag=mobile&sign=bcloud_100132&termid=2&pay=0&ostype=android&hwtype=un;208165;0-1岁;http://7nj0n6.com1.z0.glb.clouddn.com/er_ge/休息休息.mp4
喇叭花;http://g.beva.com/kan-erge/c10136--la-ba-hua.html;http://fs.beva.cn/topic/t59/i1343/labahua.jpg;http://g3.letv.cn/vod/v2/NDgvNy81NC9iY2xvdWQvODc5NDgyMS1hdmMtMjU5NDk5LWFhYy0zMjAwMC00MDkzMy0xNTE0NjcxLThiODE0MWU3YzUzYTMyY2VjYjc2OTJmZTBlNDY5NTI2LTEzODU1NjM2MjAyMTcubXA0?b=294&mmsid=3503432&tm=1437623682&key=2350c3efabef9f0e538681b541874962&platid=2&splatid=206&playid=0&tss=no&vtype=21&cvid=1805656461208&payff=0&pip=7c746bee0c04209d2b1078b601d282fe&tag=mobile&sign=bcloud_100132&termid=2&pay=0&ostype=android&hwtype=un;2003563;0-1岁;http://7nj0n6.com1.z0.glb.clouddn.com/er_ge/喇叭花.mp4
小麻雀;http://g.beva.com/kan-erge/c10136--xiao-ma-que.html;http://fs.beva.cn/topic/t59/i1481/xiaomaque108x81.jpg;http://g3.letv.cn/vod/v2/NDkvNDYvMzQvYmNsb3VkLzEwMzM0NjI5LWF2Yy0yNjAwMzYtYWFjLTMyMDAwLTc2OTY3LTI4NTEzNjAtZDk3ZWM1NzM0ZjA0NzJkZmVjZTQ0ODc2NDRjNjJhMTktMTM4OTc5MTYxMDM1NS5tcDQ=?b=295&mmsid=3700315&tm=1437623694&key=94dad75f9b5390a580c39e42d83acc24&platid=2&splatid=206&playid=0&tss=no&vtype=21&cvid=1805656461208&payff=0&pip=7c746bee0c04209d2b1078b601d282fe&tag=mobile&sign=bcloud_100132&termid=2&pay=0&ostype=android&hwtype=un;1163671;0-1岁;http://7nj0n6.com1.z0.glb.clouddn.com/er_ge/小麻雀.mp4
什么虫儿;http://g.beva.com/kan-erge/c10136--shi-me-chong-er.html;http://fs.beva.cn/topic/t59/i1314/108shenmechong.jpg;http://g3.letv.cn/vod/v2/NDMvMTIvNTQvYmNsb3VkLzg3OTQ4NTItYXZjLTI2MDM2MC1hYWMtMzIwMDAtNzI3NjctMjY5ODc3NC00N2M1YzJkN2JiODM0ZWEzZmM5NWI5MzI4NzdmMTQ5Ny0xMzg1NTYzNzc0MjMwLm1wNA==?b=296&mmsid=3503437&tm=1437623707&key=c55601c689ed3036f642653658e98956&platid=2&splatid=206&playid=0&tss=no&vtype=21&cvid=1805656461208&payff=0&pip=7c746bee0c04209d2b1078b601d282fe&tag=mobile&sign=bcloud_100132&termid=2&pay=0&ostype=android&hwtype=un;1003793;0-1岁;http://7nj0n6.com1.z0.glb.clouddn.com/er_ge/什么虫儿.mp4
蛤蟆谣;http://g.beva.com/kan-erge/c10136--ge-yao.html;http://fs.beva.cn/topic/t59/i1307/108hamayao.jpg;http://g3.letv.cn/vod/v2/NDYvNTEvNjIvYmNsb3VkLzg3OTQ0ODctYXZjLTI1Njc4NC1hYWMtMzIwMDAtOTQ4NjctMzQ3NjM4MC1lZGEyMjFmYjllYTEwOGI0MTU4MzVmZjI5MGM0YTlmZS0xMzg1NTYyODM4NTMwLm1wNA==?b=292&mmsid=3503366&tm=1437633509&key=fcd4bd90ac0af25c60279277d8fd265a&platid=2&splatid=206&playid=0&tss=no&vtype=21&cvid=1805656461208&payff=0&pip=7c746bee0c04209d2b1078b601d282fe&tag=mobile&sign=bcloud_100132&termid=2&pay=0&ostype=android&hwtype=un;2027386;0-1岁;http://7nj0n6.com1.z0.glb.clouddn.com/er_ge/蛤蟆谣.mp4
音阶歌;http://g.beva.com/kan-erge/c10136--yin-jie-ge.html;http://fs.beva.cn/topic/t59/i1331/108yinjie.jpg;http://g3.letv.cn/vod/v2/NDMvNS84My9iY2xvdWQvODc5NTg0NS1hdmMtMjYwMzE3LWFhYy0zMjAwMC0xNDgxNjctNTQ5Mzk5My04NTY0MzIyZWE3YWEyNDE3ZjhiMWJlNjg2NzZjZDc5NS0xMzg1NTY1OTk0MzcyLm1wNA==?b=296&mmsid=3503631&tm=1437633522&key=88213f42bd3391c8bd17248b5b73529c&platid=2&splatid=206&playid=0&tss=no&vtype=21&cvid=1805656461208&payff=0&pip=7c746bee0c04209d2b1078b601d282fe&tag=mobile&sign=bcloud_100132&termid=2&pay=0&ostype=android&hwtype=un;2176108;0-1岁;http://7nj0n6.com1.z0.glb.clouddn.com/er_ge/音阶歌.mp4
谁最快活;http://g.beva.com/kan-erge/c10136--shui-zui-kuai-huo.html;http://fs.beva.cn/topic/t59/i1352/108x81kuaihuo.jpg;http://g3.letv.cn/vod/v2/NDMvNDgvNjIvYmNsb3VkLzg3OTQ0NjgtYXZjLTI1OTM1NC1hYWMtMzIwMDAtODYzNjctMzE5MDkxMC1jNjdlNDIwYjQ0OTMyNzU1N2E1OGI1OWY5YmJjMDFmYy0xMzg1NTYyODgzMjI1Lm1wNA==?b=295&mmsid=3503363&tm=1437633537&key=d58a05db872ac048c62955c768d4120c&platid=2&splatid=206&playid=0&tss=no&vtype=21&cvid=1805656461208&payff=0&pip=7c746bee0c04209d2b1078b601d282fe&tag=mobile&sign=bcloud_100132&termid=2&pay=0&ostype=android&hwtype=un;1989945;0-1岁;http://7nj0n6.com1.z0.glb.clouddn.com/er_ge/谁最快活.mp4
动物唱歌 ;http://g.beva.com/kan-erge/c10136--dong-wu-ge.html;http://fs.beva.cn/topic/t59/i724/dongwuchangge108-81.jpg;http://g3.letv.cn/vod/v2/NjkvMTkvNjUvYmNsb3VkLzEwMDEzMi92ZXJfMDBfMTQtMTg3MTE1NTYtYXZjLTIyODExMS1hYWMtMzIwMDAtODExMzMtMjc0MjEwNy0zNzZlNTk3YmJmMmJhOGRiMzhlOTY2MzVhM2IxOGYyYi0xMzk5ODg3NDc0MDkxLm1wNA==?b=269&mmsid=20648981&tm=1437633550&key=d411cb4cd46769b0fc29635369124613&platid=2&splatid=206&playid=0&tss=no&vtype=21&cvid=1805656461208&payff=0&pip=7c746bee0c04209d2b1078b601d282fe&tag=mobile&sign=bcloud_100132&termid=2&pay=0&ostype=android&hwtype=un;2251565;0-1岁;http://7nj0n6.com1.z0.glb.clouddn.com/er_ge/动物唱歌.mp4
拔萝卜;http://g.beva.com/kan-erge/c10162--ba-luo-bo.html;http://fs.beva.cn/topic/t59/i358/baluobo108.jpg;http://g3.letv.cn/vod/v2/NzIvNDQvOTMvYmNsb3VkLzEwMDEzMi92ZXJfMDBfMTYtMjAwNTM1MjM0LWF2Yy0yMjg1MzgtYWFjLTMyMDAwLTEyNzc2Ny00MzIzODU4LTI1ZjQyNmRmYzAxNzY0NzBkOGJlYjYwMTM2MTU3OWQ4LTE0MDQ4MDIyMDA3MjEubXA0?b=270&mmsid=21480547&tm=1437633885&key=250a1fd636c92bd0f805f37bb6ccd280&platid=2&splatid=206&playid=0&tss=no&vtype=21&cvid=1805656461208&payff=0&pip=7c746bee0c04209d2b1078b601d282fe&tag=mobile&sign=bcloud_100132&termid=2&pay=0&ostype=android&hwtype=un;99817529;1-2岁;http://7nj0n6.com1.z0.glb.clouddn.com/er_ge/拔萝卜.mp4
甩葱歌;http://g.beva.com/kan-erge/c10162--shuai-cong-ge.html;http://fs.beva.cn/topic/t59/i1147/shuaicongge108.png;http://g3.letv.cn/vod/v2/NDgvMzgvMTEwL2JjbG91ZC8xMDMyMjc4Mi1hdmMtMjU5OTE1LWFhYy0zMjAwMC04MjQ2Ny0zMDU0MDIxLTFhN2M3MTg3MTM4ZDg4ODMyNDgwMTg5ODNmMzgwMTVjLTEzODk3NzAwNzE5OTQubXA0?b=295&mmsid=3698704&tm=1437633898&key=0ccb6085cd2a5cb29b435db6cdcb3c64&platid=2&splatid=206&playid=0&tss=no&vtype=21&cvid=1805656461208&payff=0&pip=7c746bee0c04209d2b1078b601d282fe&tag=mobile&sign=bcloud_100132&termid=2&pay=0&ostype=android&hwtype=un;38439100;1-2岁;http://7nj0n6.com1.z0.glb.clouddn.com/er_ge/甩葱歌.mp4
小毛巾爱玩水;http://g.beva.com/kan-erge/c10162--xiao-mao-jin-ai-wan-shui.html;http://fs.beva.cn/topic/t59/i1834/108x81.jpg;http://g3.letv.cn/vod/v2/MTA4LzMyLzcwL2JjbG91ZC8xMDAxMzIvdmVyXzAwXzIyLTMxMzE4MjQyMy1hdmMtMjI3ODM5LWFhYy0zMjA0OS0xMjMxMzMtNDE1ODkyOC1jYjgzYTc2MmY0MTUyNzIwMmZiMmYxZTdmOTc4YWUzYS0xNDI3MDU4MjU0MTg5Lm1wNA==?b=270&mmsid=25049120&tm=1437633911&key=3222783408d29189185c01e08ef1fa09&platid=2&splatid=206&playid=0&tss=no&vtype=21&cvid=1805656461208&payff=0&pip=7c746bee0c04209d2b1078b601d282fe&tag=mobile&sign=bcloud_100132&termid=2&pay=0&ostype=android&hwtype=un;6089944;1-2岁;http://7nj0n6.com1.z0.glb.clouddn.com/er_ge/小毛巾爱玩水.mp4
字母歌;http://g.beva.com/kan-erge/c10162--zi-mu-ge.html;http://fs.beva.cn/topic/t59/i599/zimuge108-81.jpg;http://g3.letv.cn/vod/v2/NDgvNTIvNTkvYmNsb3VkLzEwMzI2MDMxLWF2Yy0yNjE5MzMtYWFjLTMyMDAwLTY5NzAwLTI1OTc3NzctOTMwN2RhMzJkM2JlMzdlMjU3YWEyYmM5OWVkMmNmMzktMTM4OTc3NjQwODU4Ni5tcDQ=?b=297&mmsid=3699228&tm=1437633924&key=43422afd3f3c83f83c4b93d350da9da3&platid=2&splatid=206&playid=0&tss=no&vtype=21&cvid=1805656461208&payff=0&pip=7c746bee0c04209d2b1078b601d282fe&tag=mobile&sign=bcloud_100132&termid=2&pay=0&ostype=android&hwtype=un;29421076;1-2岁;http://7nj0n6.com1.z0.glb.clouddn.com/er_ge/字母歌.mp4
可爱淘;http://g.beva.com/kan-erge/c10162--ke-ai-tao.html;http://fs.beva.cn/topic/t59/i1789/keaitao108x81.jpg;http://g3.letv.cn/vod/v2/ODcvNTIvMTA1L2JjbG91ZC8xMDAxMzIvdmVyXzAwXzE2LTI3MDI4MjQxLWF2Yy0yMjkxMzgtYWFjLTMyMDI1LTE5Nzk2MC02Njg2NTE0LTU1MzczMjY2MjNiMmZhNjUzZTM1NTdkNmQ3MGUyMTJiLTE0MDc5ODc2Nzc0NjkubXA0?b=270&mmsid=22351707&tm=1437633935&key=df2b0492afd154aaf8b24e5c5acf81cc&platid=2&splatid=206&playid=0&tss=no&vtype=21&cvid=1805656461208&payff=0&pip=7c746bee0c04209d2b1078b601d282fe&tag=mobile&sign=bcloud_100132&termid=2&pay=0&ostype=android&hwtype=un;16589086;1-2岁;http://7nj0n6.com1.z0.glb.clouddn.com/er_ge/可爱淘.mp4
放鸭鸭;http://g.beva.com/kan-erge/c10162--fang-ya-ya.html;http://fs.beva.cn/topic/t59/i1459/fangyaya_108x81.jpg;http://g3.letv.cn/vod/v2/NDIvNi8zNS9iY2xvdWQvMTAzMzQ1NTEtYXZjLTI1ODY3OS1hYWMtMzIwMDAtMTA3OTAwLTM5Nzg4NjgtMDViNDdhZmEyZDliYmNjZGI4NDUzMmI0ZDFkYzg0MzQtMTM4OTc5MTIyMDU2Mi5tcDQ=?b=294&mmsid=3700302&tm=1437633948&key=3fec565a2b4dbbdf306e0ee6ece7e3bf&platid=2&splatid=206&playid=0&tss=no&vtype=21&cvid=1805656461208&payff=0&pip=7c746bee0c04209d2b1078b601d282fe&tag=mobile&sign=bcloud_100132&termid=2&pay=0&ostype=android&hwtype=un;4047531;1-2岁;http://7nj0n6.com1.z0.glb.clouddn.com/er_ge/放鸭鸭.mp4
